"Data Source","World Development Indicators",

"Last Updated Date","2025-04-15",

"Country Name","Country Code","Indicator Name","Indicator Code","1960","1961","1962","1963","1964","1965","1966","1967","1968","1969","1970","1971","1972","1973","1974","1975","1976","1977","1978","1979","1980","1981","1982","1983","1984","1985","1986","1987","1988","1989","1990","1991","1992","1993","1994","1995","1996","1997","1998","1999","2000","2001","2002","2003","2004","2005","2006","2007","2008","2009","2010","2011","2012","2013","2014","2015","2016","2017","2018","2019","2020","2021","2022","2023","2024",
"Aruba","ABW","Current account balance (% of GDP)","BN.CAB.XOKA.GD.ZS","","","","","","","","","","","","","","","","","","","","","","","","","","","-4.60055096418733","-4.62772050400916","-7.4250936329588","-6.714859437751","-20.6793279766253","-24.0230621396541","4.56876456876457","3.85250128932439","6.5067264573991","-0.0211505922165815","-5.00809716599191","-12.782640408461","-1.12713854411271","-25.2778858625162","11.0568722640362","16.2808742441801","-17.3434518893983","-8.09902267310928","12.0136853291023","4.44757292760029","12.5742113280132","9.64536035842434","0.00393003438387262","6.72239127248544","-18.7525373189382","-9.8776559966521","3.47345127544661","-11.8132064186599","-4.65857687581846","3.99414168614573","4.73177774121448","1.11979544978693","-0.591367072740339","2.49710965476204","-12.7507541445433","2.70553036523941","7.03054716243499","5.33080727344514","",
"Africa Eastern and Southern","AFE","Current account balance (% of GDP)","BN.CAB.XOKA.GD.ZS","","","","","","","","","","","","","","","","","","","","","","","","","","","","","","","","","","","","","","","","","","","","","","","","","","","","","","","","","","","","","","","","","",
"Afghanistan","AFG","Current account balance (% of GDP)","BN.CAB.XOKA.GD.ZS","","","","","","","","","","","","","","","","","","","","","","","","","","","","","","","","","","","","","","","","","","","","","","","","","-2.35799044700136","2.23601941932175","-3.64331388234628","-12.6195382087159","-25.8706814974751","-25.290058564309","-15.7724198274304","-21.9126573355151","-14.9501951919169","-18.9559612272258","-21.5852741164653","-20.1704643881064","-15.7183027911684","","","","",
"Africa Western and Central","AFW","Current account balance (% of GDP)","BN.CAB.XOKA.GD.ZS","","","","","","","","","","","","","","","","","","","","","","","","","","","","","","","","","","","","","","","","","","","","","","","","","","","","","","","","","","","","","","","","","",
"Angola","AGO","Current account balance (% of GDP)","BN.CAB.XOKA.GD.ZS","","","","","","","","","","","","","","","","","","","","","","","","","","2.58139146821177","-4.2841774908353","5.52915879466056","-5.34787604789493","-1.29389172637474","-2.09715190221188","-5.465973","-8.84439959377916","-11.5883584424603","-7.65604828196431","-5.32696076591876","43.3986736530575","-11.5519926947846","-28.6975731367781","-27.7983311948052","8.71506351159262","-16.0129513307541","-0.981927174447658","-4.0395824059631","2.8924761959248","13.8970988768413","20.4078078020579","16.2123974861326","8.12554260460487","-10.7693837286968","8.95704217526965","11.7046835510956","10.80895743621","6.15469619733807","-2.75620042901358","-11.351655507595","-5.84742399005694","-0.858821843953161","9.31723397425301","7.24618124732477","1.797710856441","12.6297800641592","11.2671532788355","4.93369978468039","",
"Albania","ALB","Current account balance (% of GDP)","BN.CAB.XOKA.GD.ZS","","","","","","","","","","","","","","","","","","","","","1.01387609500286","2.48869419936368","-3.58915333544579","-2.03570446250028","-1.51291795411133","-1.91876849654322","-0.1525752133222","0.249904333497333","-1.3211544989028","-1.74427120088412","-5.83174096323551","-15.2788523176905","-7.77398715257512","1.25704931694863","-8.36279155272246","-0.480615551651797","-3.35350141437796","-12.0536114950924","-2.55580935849998","-4.83792386732012","-4.49092085179739","-5.542947808941","-9.37243799545941","-7.24966532306394","-4.98178261667359","-7.09724132095197","-7.5415759688391","-10.7781023817953","-15.6285296892255","-15.3804877728582","-11.3658658518304","-12.9331014515688","-10.2001762330966","-9.27418778932724","-10.7753990397848","-8.60488046763521","-7.59082599857198","-7.54422875202925","-6.60766413996776","-7.82064680790707","-8.62504716701021","-7.59590759205624","-5.87243640069213","-1.19632174783293","",
"Andorra","AND","Current account balance (% of GDP)","BN.CAB.XOKA.GD.ZS","","","","","","","","","","","","","","","","","","","","","","","","","","","","","","","","","","","","","","","","","","","","","","","","","","","","","","","","","","","","18.0104704758856","15.5264308539605","15.0218009387808","11.643445126406","14.2213228058781","",
"Arab World","ARB","Current account balance (% of GDP)","BN.CAB.XOKA.GD.ZS","","","","","","","","","","","","","","","","","","","","","","","","","","","","","","","","","","","","","","","","","","","","","","","","","","","","","","","","","","","","","","","","","",
"United Arab Emirates","ARE","Current account balance (% of GDP)","BN.CAB.XOKA.GD.ZS","","","","","","","","","","","","","","","","","","","","","","","","","","","","","","","","","","","","","","","","","","","","","","","","","","","","","","","","","","","","","","","","","",
"Argentina","ARG","Current account balance (% of GDP)","BN.CAB.XOKA.GD.ZS","","","","","","","","","","","","","","","","","1.27224225636723","1.98305770943701","2.08423514758595","-0.740769310961666","-6.20306739740758","-5.98905581142535","-2.7909739553226","-2.3427783479647","-2.13402804432395","-1.0799663864279","-2.7004212047155","-3.89207383826997","-1.2388660162792","-1.70299441367605","3.2203150343045","-0.341028912950146","-2.42494134682425","-3.46617829462144","-4.26485898465452","-1.98346027350929","-2.4875930110115","-4.14468006629108","-4.8443160454196","-4.21229506178187","-3.15992237703676","-1.40694788500181","8.97078467784247","6.37990680177011","1.95058324319273","2.65363142179073","2.79449564264943","2.1036160391819","1.49940141614234","2.1785669619099","-0.383118699737132","-1.00728084144866","-0.39159512386959","-2.37749566620574","-1.74400211981355","-2.96292666513535","-2.70922168361454","-4.83995921807391","-5.16055257152294","-0.779998447561849","0.696935361136032","1.36154422203441","-0.640820188045601","-3.24351254822955","",
"Armenia","ARM","Current account balance (% of GDP)","BN.CAB.XOKA.GD.ZS","","","","","","","","","","","","","","","","","","","","","","","","","","","","","","","","","","-5.63799855869866","-7.89106326080447","-15.0292437935751","-20.1762879448727","-20.4782136117306","-21.9751034634072","-16.9355704119467","-15.7812102966465","-10.4398165717153","-6.2201045971038","-6.18119850537564","-2.20435917633131","-2.52832414562153","-2.39537289745615","-7.35660133782848","-14.2246479360543","-16.4837116405484","-13.6219482985734","-10.4403281934474","-9.96233164214969","-7.31624657065382","-7.76786633240124","-2.66180705584758","-0.956577968660235","-1.260724020147","-7.2281230237955","-7.05686573000043","-3.99777390668494","-3.47997395796116","0.331693235139525","-2.3097864408313","",
"American Samoa","ASM","Current account balance (% of GDP)","BN.CAB.XOKA.GD.ZS","","","","","","","","","","","","","","","","","","","","","","","","","","","","","","","","","","","","","","","","","","","","","","","","","","","","","","","","","","","","","","","","","",
"Antigua and Barbuda","ATG","Current account balance (% of GDP)","BN.CAB.XOKA.GD.ZS","","","","","","","","","","","","","","","","","","-12.3876887784362","-2.49905338886785","-17.7943760984183","-14.1950278251629","-21.8908063076465","-24.9961054857016","-4.922959786812","0.28276199120296","-9.37711424834243","-39.7547768718491","-32.085384475744","-10.9479522107481","-17.9388070632273","-6.472877513598","-6.13162165933476","-1.8796992481203","2.66171646335475","-1.01502690147188","-0.0841730598109713","-8.75272687609075","-6.45078321212794","-5.92207694760735","-7.23217590396695","-7.93309633588914","-10.3896381286439","-9.42191145034348","-9.15952577529885","-6.31096353023543","-10.0023410341643","-19.8451375613264","-28.7537536170953","-21.6414513541268","-13.0528592261832","-10.8746896905601","-5.09688220358304","-8.34018612878931","-8.78109406191867","-0.0378931718702426","2.03355375207685","-2.38746823038994","-7.7154739119248","-13.9937660480859","-6.50941783211153","-15.5756632582072","-17.7899425259443","-15.6164808799734","-13.33181701592","",
"Australia","AUS","Current account balance (% of GDP)","BN.CAB.XOKA.GD.ZS","","","","","","","","","","","","","","","","","","","","","","","","","","","","","","-6.11589360326485","-4.98749064104478","-3.24753507309036","-3.16820291501697","-2.97613307646999","-4.91410236294231","-5.07087489384138","-3.58914507758023","-2.73400539962507","-4.44875288739197","-5.59363165883695","-3.72140115832283","-2.1038782912626","-4.04312576822905","-6.26582917008026","-6.71703905379547","-6.23018337430443","-6.18497324085113","-7.56503658273095","-4.88206185813593","-5.23144486271866","-4.00506862277956","-3.26400930085158","-4.44404469042498","-3.25799888383101","-3.09266163288854","-4.31257611103591","-3.6163121880746","-3.00161155039194","-2.56116066582786","-0.0207105142276053","1.87433748291951","2.61066078948374","0.337521409077968","-0.300085449771847","",
"Austria","AUT","Current account balance (% of GDP)","BN.CAB.XOKA.GD.ZS","","","","","","","","","","","","","","","","","","","","","","","","","","","","","","","","","","","","","","","","","","","","","","1.98531598038444","3.29250867823428","3.8134882863575","4.49615698142083","2.58051083948132","2.94294851772084","1.58501011759763","1.51000017550336","1.75299233450364","2.31393875506261","1.58832680063968","2.57148776968201","1.24444591726667","0.908176708238319","2.38423045289808","3.3513779974929","1.71589946789047","-0.829086609771728","1.32556377170149","",
"Azerbaijan","AZE","Current account balance (% of GDP)","BN.CAB.XOKA.GD.ZS","","","","","","","","","","","","","","","","","","","","","","","","","","","","","","","","","","","","-16.5740632135158","-29.3146493832248","-23.1113389046322","-30.6884366040807","-13.0903833593547","-3.18196904183888","-0.906770850609527","-12.3213949554144","-27.7726673572238","-29.8282485551101","1.26319117280894","17.670467343915","27.289087539853","33.6793638921001","22.9720443124812","28.4268313519369","25.9957665612112","21.4925357741895","16.4935876692396","13.5683574038086","-0.419198909856565","-3.60050733417184","4.12208960991814","12.6823769245212","8.70455620187564","-0.740874280795449","14.9620003998682","29.7916946512237","11.5116198869156","",
"Burundi","BDI","Current account balance (% of GDP)","BN.CAB.XOKA.GD.ZS","","","","","","","","","","","","","","","","","","","","","","","","","","-3.59026812582895","-3.00942472812131","-8.41652238216762","-6.47258561238188","-1.03144329893231","-6.13410034398202","-2.85038738673383","-5.50382096415844","-2.99542008499923","-1.82525676729153","1.04416596056391","-4.60400356055959","0.630045184343134","-5.44160419385012","-2.61184612113877","-5.76258887448881","-4.18720201167941","-0.397990063033964","-3.04630146043228","-3.53655815425186","-0.510079090142336","-10.4870448125811","-8.20727615108639","-16.0907343690621","-9.04769271099169","-14.8111210984709","-12.6836314052419","-11.1924151286239","-10.5412211637507","-15.8466721557505","-11.530480718165","-12.3789527310826","-13.7155221555246","-14.5912293655985","-15.2431972553408","-13.008651673299","-14.1897728146803","-18.6289555009173","-23.6774820885107","",
"Belgium","BEL","Current account balance (% of GDP)","BN.CAB.XOKA.GD.ZS","","","","","","","","","","","","","","","","","","","","","","","","","","","","","","","","","","","","","","","","","","","4.49803373016796","3.39723910068487","3.09695508992497","1.99655304871952","1.85028932301471","1.49569237465597","-0.831236474764241","1.80970941708578","1.52379368667185","-1.92887747556171","-0.0829864949097406","0.969084734716926","0.751219410488652","1.38017908454948","0.558076934849913","0.702363722625537","-0.874098516086552","0.123098549898876","0.874586400402743","1.86556031631373","-1.18476181705959","-0.698394105629197","",
"Benin","BEN","Current account balance (% of GDP)","BN.CAB.XOKA.GD.ZS","","","","","","","","","","","","","","","-5.27758581243235","-7.88628294719232","-9.2806423926268","-7.55459343244957","-9.7252385324635","-4.37113837101206","-2.54205714780005","-7.23139169626674","-29.7501201535724","-12.3059416482257","-5.4295665927609","-3.72498915262059","-3.95504630309012","-2.19467517811799","-6.51092410243577","-0.893468993243606","-0.925585932447161","-10.8930810294078","-4.28904687368759","-2.58299670414555","0.660280507734444","-7.69564346950043","-1.73457487701647","-6.78725035015034","-5.39739989943458","-4.2321738931756","-2.2949879315414","-2.04549532483075","-3.74152919965989","-6.20555050861218","-4.66878856732409","-3.44376642481128","-3.08778709107344","-6.54621938784527","-5.49862209196275","-6.69033181086781","-5.56723414879971","-4.83328626910556","-5.17832684720293","-5.37925541834664","-6.66790663014034","-5.96409317114647","-2.99669454901549","-4.18078963717339","-4.54919534814523","-3.99948140523511","-1.75041319714608","-4.15294312049827","-6.00907083608035","","",
"Burkina Faso","BFA","Current account balance (% of GDP)","BN.CAB.XOKA.GD.ZS","","","","","","","","","","","","","","","","","","","","","","","","","","","","","","","","","","","","","","","","","","","","","","-10.324323038401","-8.30763590093609","-7.3532133868453","-10.2315812376868","-4.03746065696801","-1.79655604009114","-1.32772267157687","-1.29204165999457","-10.0082857458856","-7.16454946786702","-7.56751200933841","-6.0796386850131","-6.35349497520963","-4.18372491409563","-3.26728197882863","4.1931251239965","0.392208859644244","-7.45988627329846","-5.00471780899738","",
"Bangladesh","BGD","Current account balance (% of GDP)","BN.CAB.XOKA.GD.ZS","","","","","","","","","","","","","","","","","-2.73115105375932","-2.91113742780808","-2.89047855609156","-2.67224064450434","-3.8710788966539","-5.0204218554513","-2.70261503542757","-0.26009532576288","-2.52446691018841","-2.04311325466852","-2.87122454357184","-0.975865069282383","-1.02651168165971","-3.82036356521581","-1.25927364158709","0.208651431216537","0.570158867838371","1.08321175697211","0.590988260289111","-2.17154889891301","-2.13490813503246","-0.59346471814869","-0.0703537046583936","-0.710651968609125","-0.573042663299641","-0.991687231894648","1.35086830489484","0.218816448007947","-0.428022753319864","-0.250074173604547","1.66592495150091","1.07621521358966","1.01071124669571","3.47023264645131","1.82909794723498","-0.125842241657655","1.93195276968292","1.3723251518825","0.437159797644511","1.32188871858147","0.351171861174517","-2.03756600416726","-2.20783912081883","-0.839485005371137","0.31894044196432","-3.78969259910934","-3.81010813185136","-1.64602615306365","",
"Bulgaria","BGR","Current account balance (% of GDP)","BN.CAB.XOKA.GD.ZS","","","","","","","","","","","","","","","","","","","","","4.80865418169129","0.613990941117262","0.91510702099059","0.217343180857701","3.04064614519954","-0.792752329323553","-4.69646000732052","-2.56218639906053","-1.78223553987341","-3.49729150664996","-8.28805964230479","-0.702697126013265","-3.47712151394422","-10.1439569086651","-0.327922374429224","-0.135850360240092","0.127694549820565","3.77249199928312","-0.411896973671685","-4.7854724770206","-5.31244317187738","-5.6731506146362","-1.94499895270126","-4.83403725480626","-6.38864100782165","-11.2057222505032","-17.0539269972643","-25.7400013675611","-21.7973306729886","-8.18150231666307","-1.9003198193068","0.47195006241871","-0.973730262473593","1.2150656976306","2.18953559128089","0.0183814862482981","3.10025600360375","3.23867502289839","0.572868008529003","1.65493433053486","0.362007221946166","-1.03358348191171","-2.60246666143146","0.90586003354001","",
"Bahrain","BHR","Current account balance (% of GDP)","BN.CAB.XOKA.GD.ZS","","","","","","","","","","","","","","","","-18.47263492924","-22.7736566715177","-16.2902935599115","-17.0621593010365","-8.21855744120353","5.27643823831839","10.8929583178355","10.2657487280386","2.41720834151216","4.91684826496612","0.935122029114272","-1.98467309307339","-5.21995910209624","4.56125511624916","-4.39519637001822","1.4488136317136","-11.481611231833","-15.3010029246183","-5.73924658971001","-4.03727929015309","3.56902463707079","3.75350666887635","-0.430280546168261","-11.0564495394444","-0.489864567236577","9.16025901142396","2.51701963066081","-0.517337576539301","1.80990381150794","3.5861057173287","9.23180920590181","11.8210087744718","13.3758607441787","8.77793644624144","2.44123386880184","2.8727610009228","10.8553403651519","8.06539982681225","7.12443578913414","4.38061668747352","-2.31252912932776","-4.40558716045662","-4.30051876437292","-6.15289066217848","-1.96409784324041","-9.05383693445987","6.37213530677418","14.6497544700467","5.85823757664046","",
"Bahamas, The","BHS","Current account balance (% of GDP)","BN.CAB.XOKA.GD.ZS","","","","","","","","","","","","","","","","","10.6058246379069","4.05329593267882","0.288322921672273","-3.76381788350431","-5.63918220624579","-9.80722046968104","-7.31166444909079","-5.8056325023084","-4.91401695164372","-0.116344211502745","0.930232558139535","-2.01915998596758","-2.35991341069591","-2.74983670803396","-1.15603284902085","-5.77919489836588","1.15149565776777","1.57373868046572","-1.29487572875115","-4.25488480606591","-7.29564976447769","-7.45535629686247","-14.5670708684925","-4.22180125379529","-7.8368767543246","-7.75394544009676","-4.76646866689712","-5.33827728918196","-3.39160866189818","-7.12305028440183","-13.8061914480317","-12.3851568041165","-11.6100892944233","-8.10442037435534","-8.0632166374795","-11.9472714724764","-14.0368120592515","-14.3704765386021","-17.1793879299618","-10.3082218220564","-6.0517621951897","-12.8682246348301","-8.84029408152681","-2.65423795994222","-22.9408947412774","-21.4091678759537","-9.3830328201543","-7.49437662164348","",
"Bosnia and Herzegovina","BIH","Current account balance (% of GDP)","BN.CAB.XOKA.GD.ZS","","","","","","","","","","","","","","","","","","","","","","","","","","","","","","","","","","","","","","","-8.38303905254985","-10.6978182461914","-7.10679339873965","-12.8061434326564","-17.696451352433","-19.1912783102526","-16.1406059929682","-16.4343905974533","-7.75838583374485","-9.19042759129746","-13.8327998426087","-6.44520702910119","-6.00046399403912","-9.47919944225313","-8.62595020271337","-5.3258583032982","-7.35085841133572","-5.03540520266748","-4.69867094642486","-4.77878210545296","-3.23063057976363","-2.59691882108326","-2.83951861702088","-1.47528685104269","-4.39236523811558","-2.32154773990836","",
"Belarus","BLR","Current account balance (% of GDP)","BN.CAB.XOKA.GD.ZS","","","","","","","","","","","","","","","","","","","","","","","","","","","","","","","","","","-2.67279898477157","-2.97225278817512","-3.279971291319","-3.49600446207497","-6.08042744595589","-6.67811869357598","-1.5957828386974","-3.60452157918938","-4.28011087042602","-2.23160130536418","-2.55870194011727","-5.15047246548434","1.518035769229","-3.75494824327904","-6.6536778047307","-8.1620215300314","-12.0546848610717","-14.4678043936086","-8.18054584289412","-2.8350076212066","-10.0192566839897","-6.63305918043161","-3.24347461784006","-3.37736852773594","-1.74032844195636","0.0381468469587966","-1.93416802348366","-0.290687465352215","3.0672484923844","3.56177663896649","-1.53623779859627","",
"Belize","BLZ","Current account balance (% of GDP)","BN.CAB.XOKA.GD.ZS","","","","","","","","","","","","","","","","","","","","","","","","","-1.82538315825728","3.15001740341107","3.83627608346709","2.53300997035839","-0.6169177838415","-3.87904703726329","2.80544640409394","-4.32088427399096","-4.10771992818671","-6.44218635850435","-5.18671500712158","-2.10567120444417","-0.780983722160193","-3.65582779940463","-6.43867670790748","-7.27739014096476","-14.1866352703266","-16.2316899525694","-13.2827643687289","-14.0794929378658","-11.0592676582953","-10.2526296178853","-1.59532298006302","-3.0513734963528","-8.33154548361297","-4.90605439670788","-2.61996122117629","-1.0918621898446","-1.7342159764007","-3.57083937981071","-6.35386054940414","-7.9676955998834","-7.29650492928029","-6.97326171926515","-6.57557614826683","-7.73126092549567","-6.26182966146403","-6.52200388988279","-8.27503903869997","-0.644343657641841","",
"Bermuda","BMU","Current account balance (% of GDP)","BN.CAB.XOKA.GD.ZS","","","","","","","","","","","","","","","","","","","","","","","","","","","","","","","","","","","","","","","","","","","","","","","20.3839518229167","17.9705408140267","12.990617442482","8.73439268120007","10.4899591972884","13.7436914712344","14.5337206234213","13.0015680806387","12.7467918685619","14.1692141819505","12.2608303872275","13.1637987135115","12.3021020474022","11.2979726598327","12.3977262345857","13.2058418881567","","","",
"Bolivia","BOL","Current account balance (% of GDP)","BN.CAB.XOKA.GD.ZS","","","","","","","","","","","","","","","","","-1.9573051383833","-3.65122868955266","-8.81625488683812","-8.80168495732181","-0.143808590765691","-8.09287108028388","-3.1002301736765","-2.60128880219736","-2.88215631423658","-5.30565969004086","-9.81625038478124","-9.94113018636157","-6.62074179350103","-5.72734353963638","-4.08621725498031","-4.91460043574974","-9.45982310670761","-8.81476005818446","-1.50805282011654","-4.50473141321793","-5.133062205972","-6.9835778359685","-7.83878104393264","-5.890117136131","-5.31504626126908","-3.36560781532762","-4.45175564078361","0.935302518905602","3.84682632206803","6.5182863397886","11.5044547652471","12.1283006687241","11.9507379319002","4.6916976138782","4.44660536937585","2.24179461328449","7.2736779094105","3.4377206274777","1.71604883673797","-5.86726594440418","-5.61927215827459","-5.06081178823831","-4.28165522079254","-3.34046725209088","-0.0434502183251208","3.91243044868311","2.13388054975564","-2.54708565785584","",
"Brazil","BRA","Current account balance (% of GDP)","BN.CAB.XOKA.GD.ZS","","","","","","","","","","","","","","","","-5.39304045242405","-4.25673743516852","-2.86315218930506","-3.49313325979003","-4.75110025614202","-5.40495023928538","-4.55942175163155","-6.01406236239061","-3.60335647458237","0.017521506074345","-0.132777032570129","-2.07071987979993","-0.512971181312458","1.34986811010486","0.242620404807705","-0.822169813282171","-0.423315529310288","1.8553169096048","0.00543047313896343","-0.219464600014709","-2.35736654973227","-2.73368737119507","-3.63826290528203","-4.05145818781602","-4.46660530392099","-4.0477413019387","-4.44478653179819","-1.84525901678299","0.39287718370738","1.33863064799445","1.3098846656652","0.972710522792379","-0.197096961071059","-2.09933784779967","-1.75935787342253","-3.92594604434557","-3.19461831898174","-3.75941611656142","-3.57422079596048","-4.4988303801852","-3.51839166782255","-1.70011339695482","-1.22429925770861","-2.8075200859069","-3.46989581411662","-1.68778805337408","-2.41876568208583","-2.15975658541159","-1.28505422213659","",
"Barbados","BRB","Current account balance (% of GDP)","BN.CAB.XOKA.GD.ZS","","","","","","","","-14.5427547980379","-20.9859441998281","-27.9915491270509","-27.7973143453167","-22.7300381933582","-21.7473917847784","-19.3581601152459","-18.4939170886703","-11.480033391045","-16.0272226102425","-9.58699381448163","-4.27708617531062","-6.28381057145856","-6.03004731335953","-11.8506944801428","-6.85036236223836","-7.09104607602574","-2.43451568198597","-0.374449432098751","2.60914725839359","-0.44886049218889","3.06423293681097","1.44605519225487","-0.354355356419997","-0.964043429645234","7.46893059258753","4.12217800577057","6.232814693169","0.0422416324366867","5.95962010341529","-3.20811236581199","-3.76918641701839","-4.48134518357529","-3.33993473383023","-3.64191735837973","-4.66106017866377","-5.86397699078632","-12.6937325840461","-12.9792521453765","-10.4893661741424","-7.42918018711688","-9.01616589623384","-8.53071833117839","-5.24644752037007","-3.24982279392014","-8.50835280061712","-4.70953069139193","-12.0306623984079","-1.86708346142229","-8.48641052893695","-5.37207753716545","","","","","","","",
"Brunei Darussalam","BRN","Current account balance (% of GDP)","BN.CAB.XOKA.GD.ZS","","","","","","","","","","","","","","","","","","","","","","","","","","","","","","","","","","","","","","","","","","32.0089733378698","27.722725968992","34.6565048805014","33.4391703183789","38.2341251720237","41.3567976090157","35.9467432168006","43.5683953150917","33.3871860190442","36.5956039713662","34.7106649473496","29.8383189696267","20.8809881751641","30.7091836772045","16.6790433078393","12.8939057283535","16.362218549166","6.92823103255275","6.6355550353942","4.27887461849894","11.2102930222649","19.5667136669754","12.8504475659062","",
"Bhutan","BTN","Current account balance (% of GDP)","BN.CAB.XOKA.GD.ZS","","","","","","","","","","","","","","","","","","","","","","","","","","","","","","","","","","","","","","","","","","","","","","","-4.01983346623616","6.7638187377148","-8.53782563873569","-4.95294069475195","-18.9069431386518","-26.6070201962457","-19.1060720871467","-24.293493246944","-23.4688052609704","-25.0627177300499","-26.4131091663954","-20.8546965569122","-18.5091514022686","-18.3062679873896","-15.5091108675254","-11.5313120563647","-27.8005472550438","-31.8999932885676","",
"Botswana","BWA","Current account balance (% of GDP)","BN.CAB.XOKA.GD.ZS","","","","","","","","","","","","","","","","-10.0133297738972","-5.47140649779134","-5.96975910951516","-19.572553454455","-7.39299914171606","-14.238069268213","-28.2804562133879","-14.2481244172333","-6.73484568369364","-4.73604049755576","7.35048102663733","7.8031251445233","31.9806062963655","7.33281146780439","15.9506253587963","-0.509050220366834","7.6830925694356","4.76800146320832","10.2625863007121","5.20350418190951","6.33435588815427","10.209974402478","14.3703922976173","3.54255087927288","10.6386786775837","9.4180495224013","10.8425100137362","4.84207534572475","9.54244888755722","3.53678323332071","16.1057108456087","19.6647760227163","15.6550615013405","1.39345872319277","-6.40593961472032","-5.88840225663454","-0.87298477500224","-5.90199267050561","4.53073148351166","11.0750306448499","2.22618287554396","7.97299722000005","5.58580913830414","0.392946349031096","-6.90505478190798","-10.1670468011302","-1.67769059498","-1.1422212637765","-0.601807749300507","",
"Central African Republic","CAF","Current account balance (% of GDP)","BN.CAB.XOKA.GD.ZS","","","","","","","","","","","","","","","","","","-3.72453972164224","-3.76467968028553","-2.27681587236379","-5.40142552999241","-0.601662089101606","-5.69851584517804","-4.44979508270462","-5.24384586849353","-5.6213002425937","-7.70920034153731","-6.1139013050671","-2.7360567863432","-2.7088700983338","-6.18666446397518","-4.48468346818164","-5.88243164608966","-1.01269528104564","-2.89900460634816","","","","","","","","","","","","","","","","","","","","","","","","","","","","","","",
"Canada","CAN","Current account balance (% of GDP)","BN.CAB.XOKA.GD.ZS","-2.92671923539045","-2.69476650173113","-2.55226401229286","-1.86421223711155","-0.916576378286991","-3.03352417959107","-2.57723064979666","-1.94192612713905","-1.36121643251902","-2.45034752698538","0.559835501282432","-1.04270367407612","-2.11900842342633","-1.56059006208339","-2.83954249793829","-4.69923751491993","-3.68530343754814","-3.29808207360623","-3.73261757531215","-3.43789455173284","-2.21562551511085","-4.078876837519","0.570951691336776","-0.737903556790656","-0.385070715653332","-1.59452236316315","-2.99503525717252","-3.16569605531891","-3.00072131643647","-3.91670742512517","-3.39880313128256","-3.73448630876751","-3.65401317228271","-3.86026630874174","-2.39799048706511","-0.835225571288651","0.385035905172818","-1.37185670536611","-1.41951307916318","0.124607299622237","2.48322832733606","2.13236979231819","1.64503032397307","1.16498813828327","2.26315076447856","1.86965618692434","1.36365624553912","0.752359497275174","0.204634001322009","-2.96628242314574","-3.59618567149688","-2.77400602599856","-3.53224767688727","-3.14687545091254","-2.31892137730875","-3.51398716666024","-3.093111446907","-2.8034274767599","-2.38507161087906","-1.95170274818579","-2.01049352658992","-0.0221263171245921","-0.29227644014174","-0.642444781908559","",
"Central Europe and the Baltics","CEB","Current account balance (% of GDP)","BN.CAB.XOKA.GD.ZS","","","","","","","","","","","","","","","","","","","","","","","","","","","","","","","","","","","","","","","","","","","","","","","","","","","","","","","","","","","","","","","","","",
"Switzerland","CHE","Current account balance (% of GDP)","BN.CAB.XOKA.GD.ZS","","","","","","","","","","","","","","","","","","2.63050624652236","2.02919902526032","-0.213429692485015","-0.164093109554737","3.05294106341948","2.20276889451666","1.05720827272621","5.61112891243433","5.4412936750055","2.92568374927013","3.1558438773355","4.10398715890827","3.49865043983894","2.30416679097883","3.54569531654708","4.77655904971081","6.19880976982837","5.5509567592977","5.86746774422011","5.85583867296394","8.58808810990502","8.30236609471629","9.49505631733892","10.4896486650384","6.66587516742398","6.87242292195402","10.7918219160821","12.4877463639826","11.3636475223039","12.4839417017603","8.32040652761972","1.32644180255959","5.84995064151751","13.0332803465038","6.21119893660374","8.8773281834645","9.60676890706284","6.86697602914757","8.87897961536886","7.27641251378068","5.34410987370175","5.04991825776315","3.51229448103216","0.375066944737831","7.07340304784119","8.83701935773527","5.3624904490089","",
"Channel Islands","CHI","Current account balance (% of GDP)","BN.CAB.XOKA.GD.ZS","","","","","","","","","","","","","","","","","","","","","","","","","","","","","","","","","","","","","","","","","","","","","","","","","","","","","","","","","","","","","","","","","",
"Chile","CHL","Current account balance (% of GDP)","BN.CAB.XOKA.GD.ZS","","","","","","","","","","","","","","","","-6.42912150649578","1.43152512096088","-3.94541009655362","-6.80338530703824","-5.45259362392715","-6.78795913415298","-13.7149137241856","-11.7976630343264","-5.48570418135817","-10.7311147497031","-7.97497989200105","-6.30487921466008","-3.30281303582032","-0.888545123022331","-2.3077332536725","-1.4624073954168","-0.258150171982236","-2.08249869837539","-5.17820195055664","-2.78427885429939","-1.83756973675873","-3.92274308351392","-4.2688726284884","-4.77915592739024","0.131436581248041","-1.14568457859593","-1.53703377110132","-0.825565731668992","0.21460039582268","3.26056295399352","1.91109059953461","5.49643732022004","5.05557874807609","-4.18826982518426","1.43974883337092","0.896881680736791","-4.91713901679071","-5.32849119014849","-4.77606541669928","-3.46029991870042","-2.73506821611239","-2.62065852368128","-2.75779980861257","-4.48367554775236","-5.21244978814831","-1.94941123362021","-7.2777100504384","-8.65956531568217","-3.54630560751511","",
"China","CHN","Current account balance (% of GDP)","BN.CAB.XOKA.GD.ZS","","","","","","","","","","","","","","","","","","","","","","","2.76659432624214","1.83799028436738","0.7809298892012","-3.68899568389975","-2.33875662783206","0.109900989377698","-1.21721011703892","-1.24134462142706","3.3245772317122","3.46189976557133","1.49935919652139","-2.6103403242571","1.22412413140785","0.220343555621483","0.838553487288174","3.84389807123235","3.05832285147092","1.93006628986661","1.69386988017616","1.29916293453359","2.40874595185226","2.59303061888478","3.52576646717465","5.79093366365202","8.4241658861336","9.9478892326235","9.15406370401769","4.76815553888908","3.9067339999217","1.80223714352334","2.52446164533542","1.54855438304032","2.25329351831007","2.64901137604426","1.70330002824602","1.53264496925769","0.173667284672295","0.720658984389148","1.69417196526513","1.98022814428178","2.47947458572128","1.42169348613261","",
"Cote d'Ivoire","CIV","Current account balance (% of GDP)","BN.CAB.XOKA.GD.ZS","","","","","","","","","","","","","","","","","","","","","","","","","","","","","","","","","","","","","","","","","","","","","","0.165122856652972","1.89621807045563","-0.484088679670278","1.33044255664336","4.79271756698353","1.33095270108223","7.26612761772171","-0.882958574823465","-1.48012277771383","1.04562413672806","-0.439534823506043","-0.855798630849984","-1.99780015304643","-3.90363086723185","-2.23379059024848","-3.13243536755177","-3.94825311453385","-7.68645594475982","","",
"Cameroon","CMR","Current account balance (% of GDP)","BN.CAB.XOKA.GD.ZS","","","","","","","","","","","","","","","","","","-2.72189798307732","-3.99667673148853","-2.12332523271847","-6.67311213185182","-7.28598538312338","-5.83460980458649","-5.9948599322349","-2.31017210026613","-6.57147038115268","-3.81060830050962","-6.84107201447678","-3.48526332934173","-2.63243288288055","-4.47596038939451","-2.83515953017038","-3.0300754690908","-3.16558988216276","-0.629820264292087","0.827012560749538","-2.58405802001496","-5.39597096870369","-1.33456243682874","-4.40566906646215","-2.0668977639693","-3.17394469214094","-3.53790565581226","-3.74372948027079","-2.21065060210036","-2.54005821725892","0.925460105397853","1.19555212022133","-1.62929165447175","-4.020971113347","-3.11602303510797","-2.44588511307824","-3.17006037197893","-3.34459990547821","-3.85300319903713","-3.64384590025676","-3.06806029650276","-2.63102845264373","-3.52725517847681","-4.27316997253143","-3.70931267651988","-3.98670897608133","-3.39397488391441","-4.09678323983015","",
"Congo, Dem. Rep.","COD","Current account balance (% of GDP)","BN.CAB.XOKA.GD.ZS","","","","","","","","","","","","","","","","","","","","","","","","","","","","","","","","","","","","","","","","","","","","","","-3.24794604486545","0.330752318997211","3.14869892285605","-0.763068858360085","-6.02250945385462","-10.0784944564579","-4.95593928260483","-4.30100115530101","-9.5129360137515","-4.79716150307317","-3.91310432360812","-4.05053876521373","-3.2652501894048","-3.5156285816565","-3.27031370620225","-2.15968234798244","-1.06167192896581","-4.78420264034479","-5.84893546383991","",
"Congo, Rep.","COG","Current account balance (% of GDP)","BN.CAB.XOKA.GD.ZS","","","","","","","","","","","","","","","","","","","-20.5516893382486","-8.2882352838947","-9.76997778326499","-23.1101971972452","-15.3447405639315","-19.1156156143802","9.58226395874383","-7.46302019432509","-32.4832378211718","-9.69133907709575","-20.1330804370954","-3.55503079247413","-8.97637795425953","-16.9376870155112","-10.7934054712732","-20.5893960957304","-44.8409951823334","-29.5463927344917","-25.6169885221692","-6.70967027697312","-12.3421441704289","-9.79852342002057","20.1289422019463","-1.01723380328061","-1.14076678309812","14.8882764007301","14.5085104569995","10.4641144260127","1.53894345042081","-24.0002254918381","7.46170443036968","-14.1030536085047","6.85413566856583","13.2423472931453","13.6849086384196","10.7855804840986","3.79355485952657","-37.2388274641582","-32.8963883802867","","","11.6793050600101","12.5614280869547","11.5738751772006","","","",
"Colombia","COL","Current account balance (% of GDP)","BN.CAB.XOKA.GD.ZS","","","","","","","","","-2.75157957611839","-2.71310459329494","-4.07037132441791","-5.80516961648985","-2.20528657497706","-0.530673745745332","-2.84487209687521","-1.31065309013275","1.06157300599096","1.92814647073557","1.10960030654247","1.56777935756302","-0.616259809951686","-5.38979934729957","-7.83667082513291","-7.75371479733882","-3.66244628666198","-5.18421005092146","1.09608675129892","0.923754332301952","-0.550844053044884","-0.508344947661482","1.13284627622115","4.73185923351538","1.54244128020305","-3.16273549976194","-4.48803636800683","-4.88224110510175","-4.77722929611857","-5.39162108624778","-4.93228104232961","0.777689613756831","0.846461525527854","-1.05937674050926","-1.3162316381602","-0.963598625978889","-0.66148309595793","-1.33773107053946","-1.8486662357596","-2.9819266093631","-2.67924104556952","-1.90692601755576","-2.99583091222973","-2.90611447190462","-3.14008013112594","-3.23615067105022","-5.19843119341792","-6.37230442230879","-4.45195067751591","-3.18224191114871","-4.20138344687968","-4.58427517266059","-3.42772945914236","-5.6351694946032","-6.14606090715928","-2.37230770483043","",
"Comoros","COM","Current account balance (% of GDP)","BN.CAB.XOKA.GD.ZS","","","","","","","","","","","","","","","","","","","","","-4.19742623192391","-4.15339056247515","-5.9554129573788","-5.768282663901","-17.7153548753533","-7.24703273838713","-5.61812860088614","-6.32997496698003","-1.82799344600909","1.58354217615932","-2.43823202711094","-2.41668964956123","-3.10243999413302","2.11403796069089","-2.26092844808342","-4.75909550720355","","","","","","","","-3.37183050322473","-3.27211500299856","-4.10660622927178","-3.22701610668989","-3.97385796874896","-7.53469626604503","-4.35030280964664","-4.3322227069687","-5.42473025670486","-4.04970428541402","","-3.7803293757662","-0.256465657736018","-4.34858918733342","-2.13204216493526","-2.83225012492641","-3.33166140326131","-1.79978941327919","-0.314473575359912","-0.422370445048612","-1.82059800297231","",
"Cabo Verde","CPV","Current account balance (% of GDP)","BN.CAB.XOKA.GD.ZS","","","","","","","","","","","","","","","","","","","","","3.03775108158092","-15.4976369560606","-10.5515714469761","-9.63958096745987","-4.85922050376483","-6.48877026735916","0.90643010766845","-1.09327829671743","-0.185373530735617","-4.79881997611759","-1.24948915241014","-2.17717441897877","-3.40094791515281","-4.87949553365867","-11.247287301649","-12.6500359682207","-6.98064533689196","-6.05813023559705","-11.2111308194649","-12.6199897709133","-11.1544820568204","-9.89947075706641","-11.5146928529663","-11.1255219641803","-14.0635896425989","-4.18205952542758","-7.46948939503443","-12.0126265488265","-10.4743154022798","-13.2225925658414","-12.2081961374489","-14.8785945210366","-12.7312450215892","-5.2914571085641","-8.27455286476655","-2.89127851947954","-3.46715998994157","-6.9931164719733","-4.40170435637594","-0.968698562598978","-15.6834304654253","-12.2149777326852","-3.48336677710103","-2.54316234258702","",
"Costa Rica","CRI","Current account balance (% of GDP)","BN.CAB.XOKA.GD.ZS","","","","","","","","","","","","","","","","","","-7.34272934906268","-10.3087843953379","-13.8321726472252","-13.7412249340551","-15.5919677851284","-10.2316270231212","-8.8948275850256","-4.12798263463979","-3.21519372998558","-1.81037094354636","-5.65701991400658","-3.86813252481538","-7.90131335042768","-7.42337494326744","-1.04216824950309","-4.31713971378434","-6.48418120757875","-2.22690318351734","-3.09313887300943","-2.25775317412388","-3.81205832280929","-3.80546813822407","-4.67523747763591","-4.55955827354411","-3.21895001481534","-5.18779567292921","-5.20903348558069","-3.6271827494939","-4.29151439430037","-4.13248459059871","-5.57495108003318","-8.37792572859127","-1.82328161880324","-3.22336387445293","-5.29681753650104","-5.10481785769544","-4.77170630967613","-4.71600481230981","-3.40396456306336","-2.13651622902175","-3.61676636348474","-2.99153112578977","-1.19007304662517","-1.0451399398849","-3.17593347841436","-3.28139915247024","-1.4326435676152","",
"Caribbean small states","CSS","Current account balance (% of GDP)","BN.CAB.XOKA.GD.ZS","","","","","","","","","","","","","","","","","","","","","","","","","","","","","","","","","","","","","","","","","","","","","","","","","","","","","","","","","","","","","","","","","",
"Cuba","CUB","Current account balance (% of GDP)","BN.CAB.XOKA.GD.ZS","","","","","","","","","","","","","","","","","","","","","","","","","","","","","","","","","","","","","","","","","","","","","","","","","","","","","","","","","","","","","","","","","",
"Curacao","CUW","Current account balance (% of GDP)","BN.CAB.XOKA.GD.ZS","","","","","","","","","","","","","","","","","","","","","","","","","","","","","","","","","","","","","","","","","","","","","","","","","","","","-30.0160246256858","-29.7077853235381","-25.1892796282226","-16.533127015432","-16.9786946075613","-19.3487660234797","-22.4080601133126","-26.6788619613119","-17.868762273522","-27.1790165284439","-18.5704716286344","-26.7518167491028","-19.9513589557703","",
"Cayman Islands","CYM","Current account balance (% of GDP)","BN.CAB.XOKA.GD.ZS","","","","","","","","","","","","","","","","","","","","","","","","","","","","","","","","","","","","","","","","","","","","","","","","","","","","","","","","","-14.3925574520851","-16.8690569421759","-16.7723987613564","-10.8861308298588","-14.6320063569896","-13.1056399843482","-9.80587517058896","","",
"Cyprus","CYP","Current account balance (% of GDP)","BN.CAB.XOKA.GD.ZS","","","","","","","","","","","","","","","","","-4.60922114208114","-14.2371849106989","-19.1904273548776","-18.6088681991049","-11.9907981669638","-8.22974930876581","-8.25155340528277","-9.49253771906643","-9.72778995567469","-7.4155950189348","-0.611948219842201","-0.207588387653008","-2.51426419493428","-5.4491996749029","-2.76044154525839","-7.28400581413836","-9.23295527901852","1.66562701377825","1.00140507465942","-2.06499778344603","-4.67156754364255","-4.37875893634202","2.84348035393525","-1.62158738894853","-4.88747484293358","-3.09916834386668","-3.32012511756836","-2.00767143097126","-4.77327486436682","-5.26682635799638","-6.36794765544159","-7.63669144927273","-14.4443028383531","-6.6707454439817","-10.7622757102317","-2.09343675182057","-3.86860062836353","-1.50316970166727","-4.07615408092307","-0.244186265425847","-3.87009257416934","-4.91227621613636","-3.74116387276707","-5.52358779333748","-9.70521766643824","-5.44863394406944","-5.5180144908117","-9.42577181887465","",
"Czechia","CZE","Current account balance (% of GDP)","BN.CAB.XOKA.GD.ZS","","","","","","","","","","","","","","","","","","","","","","","","","","","","","","","","","","1.1330967168381","-1.70139298961709","-2.26757320329168","-6.08746771318312","-5.79107713467814","-1.94722596154938","-2.2348345525307","-4.32605955808122","-4.80305110479948","-5.16274750389645","-5.76037419921864","-3.70977039606133","-2.0469317715426","-2.55771892805225","-4.70721210136985","-1.86377838067906","-2.35286468331655","-3.48120039690543","-2.1691537824734","-1.501449440317","-0.519137991701544","0.217020094001343","0.446971205922034","1.74734921729713","1.35301705500193","0.451859774047595","0.356195094422182","1.78520080795831","-2.04624111898244","-4.52048439437013","0.301691698482678","",
"Germany","DEU","Current account balance (% of GDP)","BN.CAB.XOKA.GD.ZS","","","","","","","","","","","","0.0424787980358958","0.112907022442969","1.04564676592662","2.03272304257914","0.629007055413315","0.718109747836375","0.647866403184257","1.24840951315622","-0.608955465758091","-1.64142670824601","-0.660279054435674","0.707177361289587","0.561957175499551","1.26588966888944","2.44744196854692","3.68171870800605","3.39361607761235","3.83691174148044","4.06331329481203","2.61258287267843","-1.19301223274731","-0.983554177100672","-0.778190690626525","-1.32150809446365","-1.06756701779392","-0.492213210288902","-0.355877126875177","-0.474729135736975","-1.16769718086738","-1.5131310276989","-0.17042466008937","1.98424702046954","1.53250948753762","4.5337424024328","4.64324145764122","5.83661726884204","6.70574096490582","5.57681458234835","5.87415966958685","5.77101102573256","6.25886646333735","7.19271816687107","6.72723104677662","7.19249005241928","8.10033539639847","8.89985353214631","8.08358573755333","8.44474369079798","7.88005874480123","6.34985102790796","6.93196765120446","4.43791548373552","5.80317294206","",
"Djibouti","DJI","Current account balance (% of GDP)","BN.CAB.XOKA.GD.ZS","","","","","","","","","","","","","","","","","","","","","","","","","","","","","","","","22.0729331569769","14.6514283023976","23.8256791900186","16.3154371248577","15.5987157456815","13.8618372344667","10.6026685770574","8.53208339077555","12.9648892075065","6.04193525666741","12.0278460954718","11.8252569135346","12.7055171216025","0.473072861668427","2.84105797251051","-2.15448790661934","-20.2086361012125","-22.5587851004156","-6.77718840004505","4.47357137871551","-13.8678242864019","-10.9311673573902","-30.7756454699895","23.9575053238472","29.4599511791353","-1.00034788975653","-4.79510874009852","14.7117694324276","18.2584262511938","11.5020743532667","-6.64847700936444","17.8593816032676","17.6001741922198","",
"Dominica","DMA","Current account balance (% of GDP)","BN.CAB.XOKA.GD.ZS","","","","","","","","","","","","","","","","","","-3.26990107410841","-2.27550340456152","11.4508481029247","-19.6416016631904","-15.5922715777007","-8.71848064593605","-1.77401301014309","-6.50615290221524","-5.27343827916429","-5.19829039777377","-4.61712021581637","-7.14836600587225","-24.5823240687135","-21.609347993969","-15.5554806525549","-11.5877587189062","-7.41115066674712","-9.89338899707207","-14.6584638631427","-17.5044667181976","-13.9450169300916","-7.15327796349268","-10.783142617918","-19.9386602693652","-12.8901748895518","-9.96742272663253","-6.57569750334217","-9.08346787312707","-17.2927759913332","-7.45979594692385","-18.1587444858937","-25.6856163166922","-20.7381621636403","-17.8256008614503","-14.1740256881856","-17.6866752370363","-18.6960090164188","-6.83148085940272","-7.08253329442565","-8.98790334142535","-11.0283065529593","-46.6524667396649","-38.1318845047392","-36.9633253757218","-33.5155990448367","-26.9691848499082","-34.1949273408919","",
"Denmark","DNK","Current account balance (% of GDP)","BN.CAB.XOKA.GD.ZS","","","","","","","","","","","","","","","","-1.21238075758281","-4.30054257218049","-3.46471817721577","-2.49034551247233","-4.34167552389375","-3.3736549606802","-3.05087858330796","-3.75955385046958","-2.29033959756587","-2.91850423378435","-4.43064275946125","-5.11696670702114","-2.74904752604441","-1.15966444750153","-0.995137848272325","0.992308259412131","1.42496597503467","2.74488364106854","3.37618768805071","2.04424373399313","1.00340778021557","1.64799093505224","0.531779842222929","-1.13530538852639","1.71298625187982","1.37879989622757","2.94033572239732","1.93547973055908","3.18790770063056","2.35760495195269","4.15137874873849","3.33878587946735","1.51196754347491","2.93344197648404","3.670308987932","6.39689740721914","6.33895025513779","6.04077392997687","7.38438213074311","8.33724641683407","7.95393817418838","7.0785087767559","7.36024532050309","6.24457266735134","7.42526960323985","7.23112965395448","8.65914472386699","11.5656223681511","9.84084615992846","",
"Dominican Republic","DOM","Current account balance (% of GDP)","BN.CAB.XOKA.GD.ZS","","","","","","","","","-6.96877027152256","-6.88338073953677","-6.85964321777179","-7.76477647764777","-2.36489886283587","-4.11975435005118","-8.23734490891069","-2.02267170482329","-3.2696444388207","-2.80351420287328","-6.58795201081446","-6.02495089837783","-10.6473607146555","-5.14990808458863","-5.35355734571933","-4.53224302106154","-1.40934966361911","-2.13298233833064","-2.99569011456242","-6.24844394561588","-0.351673707553919","-4.89486943599179","-3.95268341373003","-1.6011020076795","-6.0997558654875","-4.07383436047879","-1.93243515666095","-1.09873129454882","-1.16601469767881","-0.814289530702647","-1.56144626408778","-1.93887227246899","-4.22327517754885","-2.89354387031244","-2.94021829945032","4.8412459657921","4.66562998909679","-1.32180615715461","-3.39866888826109","-4.92727717051081","-9.39205249980337","-4.77175407561185","-7.47026738085731","-7.51114424482423","-6.54329188822032","-4.09669996553836","-3.23042785325025","-1.79906290356184","-1.07615585415127","-0.166379063172654","-1.54461337602595","-1.33559890727136","-1.6858466539231","-2.84932341249584","-5.76805690073836","-3.60354561344743","",
"Algeria","DZA","Current account balance (% of GDP)","BN.CAB.XOKA.GD.ZS","","","","","","","","","","","","","","","","","","-11.0870548965505","-13.4259208511014","-4.90878514317359","0.58830768594436","0.202716806207838","-0.405106016568603","-0.174582798720131","0.138639759242596","1.75145888019743","-3.50116872810923","0.211615708938076","-3.45178831929018","-1.94306627097077","2.2889527648555","5.17702797301749","","","","","","","","","","","","","","19.7857720899622","23.4985369430055","21.3033457890387","18.8233635111302","0.287169379874168","6.8736192928034","8.09495300569721","5.32371106942359","0.517147116303438","-3.8772158836163","-14.4205446442816","-14.4962877563746","-11.6217683736912","-8.68941296193565","-8.76373598794007","-11.0309095376359","-2.42326388144805","8.61249001435547","2.5680705576358","",
"East Asia & Pacific (excluding high income)","EAP","Current account balance (% of GDP)","BN.CAB.XOKA.GD.ZS","","","","","","","","","","","","","","","","","","","","","","","","","","","","","","","","","","","","","","","","","","","","","","","","","","","","","","","","","","","","","","","","","",
"Early-demographic dividend","EAR","Current account balance (% of GDP)","BN.CAB.XOKA.GD.ZS","","","","","","","","","","","","","","","","","","","","","","","","","","","","","","","","","","","","","","","","","","","","","","","","","","","","","","","","","","","","","","","","","",
"East Asia & Pacific","EAS","Current account balance (% of GDP)","BN.CAB.XOKA.GD.ZS","","","","","","","","","","","","","","","","","","","","","","","","","","","","","","","","","","","","","","","","","","","","","","","","","","","","","","","","","","","","","","","","","",
"Europe & Central Asia (excluding high income)","ECA","Current account balance (% of GDP)","BN.CAB.XOKA.GD.ZS","","","","","","","","","","","","","","","","","","","","","","","","","","","","","","","","","","","","","","","","","","","","","","","","","","","","","","","","","","","","","","","","","",
"Europe & Central Asia","ECS","Current account balance (% of GDP)","BN.CAB.XOKA.GD.ZS","","","","","","","","","","","","","","","","","","","","","","","","","","","","","","","","","","","","","","","","","","","","","","","","","","","","","","","","","","","","","","","","","",
"Ecuador","ECU","Current account balance (% of GDP)","BN.CAB.XOKA.GD.ZS","","","","","","","","","","","","","","","","","-0.105588246621813","-3.11435996407242","-5.89893164407487","-4.44651037370492","-3.58800830053562","-4.57572331074895","-5.93080336139516","-0.670457099317375","-1.61418981960208","0.443172244309129","-3.80040967405147","-8.51175092710987","-5.20997667418132","-5.1472829488547","-2.36231747522136","-4.16751643885901","-0.674247786490063","-4.48229932324834","-3.95584535777111","-4.09288556316314","-0.217391362976912","-1.62196981722165","-7.49949156007604","4.67349075269474","6.34355414802451","-2.38325088255005","-4.50586234491735","-1.24920361685129","-1.36219189560774","1.17661120468016","3.80804965411111","3.78442738247704","2.89405288656368","0.520924336749102","-2.32172616604527","-0.506587087684931","-0.166909556494228","-0.966037832420016","-0.651047970913705","-2.28484408591192","0.921880823309631","-0.388423584941001","-1.53393873198942","-0.507339455466227","2.09143136395223","2.73530514830235","1.83322993167713","1.97395215922557","",
"Egypt, Arab Rep.","EGY","Current account balance (% of GDP)","BN.CAB.XOKA.GD.ZS","","","","","","","","","","","","","","","","","","-5.64851668866225","-6.23889963754389","-8.36107941326356","-2.01398440649132","-9.64424162168997","-6.6921090195543","-1.06429269398936","-5.55386591533602","-4.65076269628491","-3.49407515387107","0.0497900138696242","-2.97556725417425","-3.29141667060211","5.41428288100209","9.010952","7.81250251617541","5.44885051546392","0.0597325714285714","-0.422212745098039","-0.283898866608544","-0.905827378713802","-3.02491579679889","-1.80221287386216","-0.972570273448986","-0.401718427655422","0.730979150171549","4.66231377245509","4.97788419534309","2.34685756731662","2.45322162862231","0.315552631578947","-0.868821887213847","-1.7707391095759","-2.05668307641306","-2.32378812632193","-2.49788021735236","-1.22513249838744","-1.94849131455399","-5.23529137853431","-6.16465951871263","-3.19681566782461","-2.93164483711978","-3.20758543154937","-3.70903990583376","-4.38240299812002","-2.2100904275198","-3.17277519022305","",
"Euro area","EMU","Current account balance (% of GDP)","BN.CAB.XOKA.GD.ZS","","","","","","","","","","","","","","","","","","","","","","","","","","","","","","","","","","","","","","","","","","","","","","","","","","","","","","","","","","","","","","","","","",
"Eritrea","ERI","Current account balance (% of GDP)","BN.CAB.XOKA.GD.ZS","","","","","","","","","","","","","","","","","","","","","","","","","","","","","","","","","39.3908305177212","22.9133856737768","23.2450159506025","-5.44458433860014","-8.61532542588461","0.722973749438987","-39.2668560181824","-30.3043628662932","-14.8161574838645","","","","","","","","","","","","","","","","","","","","","","","","",
"Spain","ESP","Current account balance (% of GDP)","BN.CAB.XOKA.GD.ZS","","","","","","","","","","","","","","","","-3.39422081591837","-3.90334975810331","-1.85502527118762","0.779412899279618","0.352780168130571","-2.3989622888185","-2.64636721046839","-2.32222961238958","-1.76386517415544","1.03360919597488","1.54179312982115","1.55857677158017","-0.0827164831002587","-1.00972940326339","-2.635822608323","-3.35886586768217","-3.43260470559268","-3.41608226616749","-1.1061129789544","-1.20512004003852","-0.320247040380478","-0.347834725925521","-0.140683569181923","-1.17199231308045","-3.25657544886736","-4.33507205777268","-4.38922200145846","-3.70295804630134","-3.86622288791001","-5.48470889304821","-7.26750054256224","-8.83881825681531","-9.43206208437296","-8.90618785170718","-4.03711289982811","-3.65895973068443","-2.68728637358443","0.0552331666960445","2.07791536141213","1.7359500732857","2.03697429462383","3.15808866042231","2.82857699785743","1.86142647160727","2.11978917805626","0.819280213926574","0.765004613238448","0.309856961117303","2.65494270436243","",
"Estonia","EST","Current account balance (% of GDP)","BN.CAB.XOKA.GD.ZS","","","","","","","","","","","","","","","","","","","","","","","","","","","","","","","","","","0.53901284719059","-4.03327500267876","-3.50447680786976","-8.32080873340359","-10.8980153561721","-8.43191028086133","-5.11809353076674","-5.2581579929437","-5.19375871381401","-10.5743364533738","-12.9205377766597","-11.9829822415601","-8.63305003795741","-14.9718681033252","-14.8020314240803","-8.8585107852205","2.6775190631377","1.74366049478647","1.30548764458293","-1.85807259126915","-0.133143040301748","0.518408483980374","1.46327360938589","0.996247381037252","1.69970978175346","0.563761631353159","2.00905944057614","-2.7306242700292","-3.72846855950514","-3.89799854711609","-1.75017354585816","",
"Ethiopia","ETH","Current account balance (% of GDP)","BN.CAB.XOKA.GD.ZS","","","","","","","","","","","","","","","","","","-1.46076990810982","-1.85768656541356","-1.38706325139921","-3.2247060273228","-3.32349613321689","-2.46744065415348","-1.93475589776784","-1.56774843278456","1.09371100521","-3.24092628403194","-2.00982272538635","-2.03500398551599","-1.22755223932899","-2.3541103991641","0.747122815753609","-1.11537579375338","-0.552422468805537","1.76625983730632","0.50129599614824","0.908197347576536","-0.457223674441713","-4.15073883771036","-5.89415732214506","0.163268897783397","-4.53620596538169","-1.74046524518376","-1.58150719828577","-6.59189372254429","-12.6419842587598","-11.6871605564419","-4.20144598076542","-6.67139557726763","-6.75348362103612","-2.1222608717343","-3.30367964138338","-7.10674868080213","-6.36626399169653","-10.3781721184148","-11.7149020637799","-10.640419267884","-7.25029143899611","-5.47209883044265","-5.23928384636561","-2.52541427273292","-4.05104445487667","-4.07059182048539","-2.92468913307886","",
"European Union","EUU","Current account balance (% of GDP)","BN.CAB.XOKA.GD.ZS","","","","","","","","","","","","","","","","","","","","","","","","","","","","","","","","","","","","","","","","","","","","","","","","","","","","","","","","","","","","","","","","","",
"Fragile and conflict affected situations","FCS","Current account balance (% of GDP)","BN.CAB.XOKA.GD.ZS","","","","","","","","","","","","","","","","","","","","","","","","","","","","","","","","","","","","","","","","","","","","","","","","","","","","","","","","","","","","","","","","","",
"Finland","FIN","Current account balance (% of GDP)","BN.CAB.XOKA.GD.ZS","","","","","","","","","","","","","","","","-7.26075539532321","-3.49799866270723","-0.295739401191793","1.87649452165494","-0.366156863999985","-2.61466300325738","-0.911866486578685","-1.74877777345292","-2.20633460869342","-0.0390307790310157","-1.44344195524999","-0.943128240701193","-1.89097850106028","-2.47056311444696","-4.87183687394226","-4.92220571481103","-5.32681492267676","-4.54594465904843","-1.27368110383661","1.07619185079872","3.90223701682603","3.79006406550443","5.22832147413366","5.47770810715809","5.94874529220919","8.35697521580217","9.32832355563524","8.61479200191205","4.97591224324578","6.35919059517118","3.79909504985157","3.94307577889212","4.08024653201484","2.46705484055195","2.10030839228353","1.39274108679821","-1.55989641961033","-2.25407429115713","-1.87586111811563","-1.40306958808626","-0.912485503630059","-1.98213896057961","-0.613710516292878","-1.63811271947478","-0.15499529100125","0.529983303828095","0.326640931588569","-2.50703012641764","-0.5344693537674","",
"Fiji","FJI","Current account balance (% of GDP)","BN.CAB.XOKA.GD.ZS","","","","","","","","","","","","","","","","","","","","-5.76273003617057","-1.45471224909323","-13.0501957717297","-7.05586744817797","-4.9308331873045","-1.56120176750965","1.64083841438865","1.29985652299845","2.32050169864633","6.35550368382684","0.632738435882662","-7.03030144787266","-4.93144143597923","-3.99878474352944","-8.44003964321111","-6.1763495566945","-5.72016176808459","0.636047134440278","-1.63374867444327","-3.62307870193135","0.655462625521091","-1.51980018386888","-4.09110110593278","0.858878837529481","-2.28236251772106","-9.27687175758032","-6.89584542628475","-16.4488939915362","-11.4545752332218","-14.9382363262539","-4.31924967284106","-4.7591968754889","-5.16119192694596","-1.4340442908102","-9.7117807351876","-5.77781237875561","-3.47299247646812","-3.60696936782774","-6.63907088641392","-8.44729845712939","-12.8222684529238","-13.8552602449921","-15.9482442399688","-17.41955368959","","",
"France","FRA","Current account balance (% of GDP)","BN.CAB.XOKA.GD.ZS","","","","","","","","","","","","","","","","0.768079373710611","-0.91080530488073","-0.0995989385233091","1.4078873687173","0.845337736665917","-0.605927092588722","-0.789714227353762","-2.08979094420012","-0.933487508264092","-0.166846364681241","-0.00632248222825551","0.317668003097766","-0.479945241449236","-0.456943183564689","-0.459409521209705","-0.790699531946192","-0.517748489885409","0.280170781675052","0.683954592617436","0.535080974263654","0.679551477433413","1.2859310187773","2.60806895660173","2.51843043289977","3.4092327167425","1.1848394944316","1.52989945223821","1.18270439802011","0.871063406872809","0.434470120439983","-0.00650919177703098","0.0221896585541474","-0.328279950461903","-0.962244945077223","-0.818480147786111","-0.832545468638348","-1.02802797917579","-1.22530807843013","-0.597990456908111","-0.962733699381149","-0.334528437032909","-0.538632351885895","-0.474615185215668","-0.735670615255371","0.58736276457575","-2.00313613657686","0.244238511780542","-1.18259080268105","-0.993970970723725","",
"Faroe Islands","FRO","Current account balance (% of GDP)","BN.CAB.XOKA.GD.ZS","","","","","","","","","","","","","","","","","","","","","","","","","","","","","","","","","","","","","","","20.2734708037608","15.6142918418711","9.29520327119273","12.6005348141705","9.86123616311528","-0.436767986416422","7.52016809211848","1.77191405060488","1.05271652622566","-3.44459491477146","-1.22813096268354","-1.07294449559976","6.18734358043311","7.75436992619401","","","","","","","","","","","","","",
"Micronesia, Fed. Sts.","FSM","Current account balance (% of GDP)","BN.CAB.XOKA.GD.ZS","","","","","","","","","","","","","","","","","","","","","","","","","","","","","","","","","","","","","","","","","","","","","","","","","","-13.6483060432146","-8.27519388329319","-14.2053237117959","-7.28256521721859","-0.685151745948481","7.01835931333612","","","","","","","","","","",
"Gabon","GAB","Current account balance (% of GDP)","BN.CAB.XOKA.GD.ZS","","","","","","","","","","","","","","","","","","","3.09161720747714","8.17251007369266","8.96925457208746","10.4421153102767","8.55076121567185","2.88787433239867","3.16411772419284","-4.86504498812799","-31.0681259413846","-13.6844773143339","-16.0520094477278","-4.59078995928343","2.81747500972778","1.38433185743214","-3.00622863834277","-1.12108668936338","7.57275373189422","10.3786091380141","15.606083485232","9.97513749355829","-13.2831001987777","8.37209987870897","19.7027587812577","10.2998522952722","6.33560263979825","11.7614768617876","11.8977404655294","20.6930568792579","","22.0639363873959","24.5939589011604","6.63781868280595","17.0685059551217","14.30205454341","11.5176523304205","8.31242147608324","6.10892058354702","0.980288664808838","","","","","","","","","",
"United Kingdom","GBR","Current account balance (% of GDP)","BN.CAB.XOKA.GD.ZS","","","","","","","","","","","1.50789705294205","1.83432771771503","0.313802108167172","-1.25254746763939","-3.61344972437301","-1.43328844610717","-0.593358578949812","0.055135109999531","0.644119064686419","-0.178279570640728","1.21462434887475","2.61238985947786","1.55028160702169","1.0807797343564","0.397286079597483","0.677370024918345","-0.220092795315054","-1.68950941079794","-3.88147169402264","-4.65090631621984","-3.55031184555805","-1.66449946529553","-1.96702595518055","-1.66961487109581","-0.879081535567206","-0.999550808668882","-0.727548507990113","-0.0898610622387697","-0.318861634089026","-2.11518369418468","-1.80978814155872","-1.76623319868349","-1.97304333212519","-1.82808406238088","-2.29213993851292","-1.98153178021805","-3.12218245755459","-3.73342924098549","-3.88657975994754","-3.03919318860907","-2.77184107542602","-1.63097008877188","-3.14718914670129","-4.65119373117685","-5.01141706795705","-4.94667701136358","-5.49879734304565","-3.49784868993649","-3.92206514953074","-2.6851488847368","-2.95839949111081","-0.440671238610715","-2.27877411232757","-2.21432613498015","",
"Georgia","GEO","Current account balance (% of GDP)","BN.CAB.XOKA.GD.ZS","","","","","","","","","","","","","","","","","","","","","","","","","","","","","","","","","","","","","","-14.6474016992689","-7.6297275422632","-7.08564878719989","-5.75310242328275","-6.12197073672488","-6.38774221286113","-9.57586165079388","-6.94983213970616","-10.8511554489972","-15.3810743163939","-19.5819311413511","-21.9709187774567","-10.5986282901093","-9.6468391223966","-11.9098234516365","-11.1441786727056","-5.45445307967913","-9.93087844279949","-11.6071164150782","-12.2417329389246","-7.95124743463903","-6.65935234039703","-5.99374849041921","-12.4335796501942","-10.30459946521","-4.42087610102786","-5.5511012770178","",
"Ghana","GHA","Current account balance (% of GDP)","BN.CAB.XOKA.GD.ZS","","","","","","","","","","","","","","","","0.625389561981361","-2.6776478271648","-2.50038784561282","-1.25435152310235","3.07195329346052","0.679380192289742","-9.92747367168792","-2.65807659865766","-4.24335765919776","-0.879363988157938","-2.97271052447471","-1.48753135064422","-1.92912868632708","-1.29093946323997","-1.78793851881226","-3.79004857894482","-3.81712748889921","-5.87583998572894","-9.36182299010873","-4.67466144092219","-2.22295003676613","-4.42593921260815","-5.85456469341193","-6.9730710672988","-12.4939914333473","-7.75495051706689","-8.04286187367619","-1.70668468981884","1.33224533437262","-6.64520344576759","-10.280631865678","-5.05660776463669","-9.58130961421888","-11.6021635051277","-7.28314283327412","-8.5327330566748","-9.00258173366364","-11.9009237632839","-9.07929682110928","-6.74397855148997","-5.71517581561193","-5.04237663194914","-3.31530397149447","-3.03807908979548","-2.72757875831896","-3.04664626466096","-3.19578911466864","-2.34386724746484","1.8424856852825","",
"Gibraltar","GIB","Current account balance (% of GDP)","BN.CAB.XOKA.GD.ZS","","","","","","","","","","","","","","","","","","","","","","","","","","","","","","","","","","","","","","","","","","","","","","","","","","","","","","","","","","","","","","","","","",
"Guinea","GIN","Current account balance (% of GDP)","BN.CAB.XOKA.GD.ZS","","","","","","","","","","","","","","","","","","","","","","","","","","","-4.25831725886567","-1.28497395970774","-6.3719618891849","-5.0678506224507","-5.22024846869827","-6.5697966368861","-5.4852351143333","-1.18778554469804","-5.02716468421529","-4.01956723410899","-3.14235704551243","-1.65086793613531","-2.95227188360417","-3.98363958959634","-3.20759051700664","-1.44260287136746","-4.64074253447312","-3.68667076245062","-3.06276375818202","-3.74410214282105","-5.24523599689416","-7.23648388312132","-6.2923416835618","-6.00514641190503","-4.7697025907998","-17.1165293375314","-13.5979829951241","-14.2034724942303","-11.1827727004958","-11.6007986964145","-31.9328390727135","5.03018582642409","-1.60638873400794","-2.34042432173531","19.0560604764664","27.1761588078073","16.8265386883899","10.3063100625952","",
"Gambia, The","GMB","Current account balance (% of GDP)","BN.CAB.XOKA.GD.ZS","","","","","","","","","","","","","","","","","","","-27.3493264670339","-17.8873331879792","-37.5705114654635","-19.9432665038694","-9.92877104297179","-14.7745402083541","3.72636938655724","3.4057539168858","1.66518287354913","6.45566366599967","12.0964807472797","5.4593551375244","7.6239844395063","1.73224760432552","5.34341465610822","-0.684127300754421","1.08503963991995","-1.035486078866","-5.55018808592489","-2.85622127623816","","","","","","0.541196571889132","-3.15228070444893","-4.22219702002328","-6.22324623229531","-6.19477968023257","-0.402650265042616","1.93110412724461","1.13391181749086","-7.67135227929092","-6.55707152697876","-7.05935659160073","-6.87758719722139","-3.90228061316891","-5.1279664746384","-6.32875593450885","-8.08332529672771","-2.04445221575257","-4.77621848558059","-4.31333160293426","-4.09350427164043","-8.51928980667699","",
"Guinea-Bissau","GNB","Current account balance (% of GDP)","BN.CAB.XOKA.GD.ZS","","","","","","","","","","","","","","","","","","","","","","","-18.4761682880882","-16.9322053176086","-18.1954304988678","-20.269593555121","-14.7404514062601","-9.98023040370638","-13.052194321946","-14.4748256844105","-7.14173907253505","-11.2790251661435","-16.4850368222139","-10.0651285252334","-7.50038263382946","-5.32872538837755","-6.32606042473747","-0.913899727016268","","","","-2.69821108512442","-0.271719275957978","-0.0519018620590297","2.38148745518108","-1.63867591635847","-6.3132458528375","-4.06952969493394","-3.02102465076755","-5.34847492021888","-7.52999517168867","-1.21431910534762","-7.93224654147768","-4.73187653933365","0.555849591467734","1.81726336561494","1.36293739261607","0.263885195365577","-3.48324795461301","-8.0200719570584","-2.34956550384566","-0.762101077108201","-8.16202978382442","","",
"Equatorial Guinea","GNQ","Current account balance (% of GDP)","BN.CAB.XOKA.GD.ZS","","","","","","","","","","","","","","","","","","","","","","","","","","","","-25.9287107608819","-16.4506703656093","-23.7875568375166","-16.9395648833006","-36.7145107351161","-7.85003608180464","2.08962404984017","-0.37878435160704","-86.9941852940511","-147.997312487613","","","","","","","","","","","","","","","","","","","","","","","","","","","","",
"Greece","GRC","Current account balance (% of GDP)","BN.CAB.XOKA.GD.ZS","","","","","","","","","","","","","","","","","-3.02413262009222","-3.01347678839082","-2.18763340815346","-3.51052739369007","-3.94187955770984","-4.66499808594164","-3.51291880931802","-3.85298763130145","-4.50243582614758","-6.94719222076847","-3.01463543598474","-1.88910563466861","-1.27392583418636","-3.28047623715177","-3.66416152795676","-1.51783071981205","-1.86723149235441","-0.696206808420449","-0.126978535177172","-2.12188049067422","-3.19572255088179","-3.50229712684898","","-5.31917093747904","-7.80647954386925","-7.12083770050182","-6.38625728965696","-6.50626060536125","-5.74201400267067","-7.51860335220303","-10.9919390863757","-14.1869570945957","-14.6094922064777","-10.9982860428605","-10.2094499511211","-10.0976272377955","-2.58418506053025","-2.09216226097274","-1.59663409250033","-0.828192197799729","-1.68881636338714","-1.79956830770948","-2.92946837177349","-1.50121840629263","-6.48664200392795","-6.34795283469092","-10.3357101038965","-6.16330418209365","",
"Grenada","GRD","Current account balance (% of GDP)","BN.CAB.XOKA.GD.ZS","","","","","","","","","","","","","","","","","","1.82868261957926","1.18672987914062","-1.08672115211221","0.244129508536838","-11.9944848171596","-14.1117135185594","-11.3047029073074","2.61108606727808","1.6539078422986","-10.1739078608534","-13.5773457166949","-11.7493067008026","-13.5871554173319","-16.626121074546","-15.9830787973543","-10.4438180860276","-14.0981471570171","-8.6534330809719","-12.2182247681427","-15.4008298904297","-17.6170958451229","-18.2799852849773","-11.5657809941147","-21.996627717539","-25.1924121595876","-24.5623129443556","-26.355141755599","-21.9094311537962","-36.197096036622","-35.3579767652673","-29.2906558652577","-26.310483241865","-16.922787751426","-19.4482994535287","-18.6656495604378","-14.9830707473177","-17.064097987527","-9.08236900654942","-10.6165101004822","-8.84957467526886","-11.4635306675494","-12.7578936321222","-10.3282132272823","-16.1060034218251","-14.3720511551808","-12.122117222565","-18.4907082341822","",
"Greenland","GRL","Current account balance (% of GDP)","BN.CAB.XOKA.GD.ZS","","","","","","","","","","","","","","","","","","","","","","","","","","","","","","","","","","","","","","","","","","","","","","","","","","","","","","","","","","","","","","","","","",
"Guatemala","GTM","Current account balance (% of GDP)","BN.CAB.XOKA.GD.ZS","","","","","","","","","","","","","","","","","","-0.64410179202256","-4.45590207044107","-2.97858769221488","-2.07267696447383","-6.65349962288122","-4.57841016100987","-2.47403303982174","-3.98521643099032","-2.53352000047872","-0.243364059582245","-6.24611837267502","-5.27953288720953","-4.36466568457703","-2.78293492713394","-1.95298065782809","-6.76098809347935","-6.15525381623952","-4.81621168651736","-3.90367937373989","-2.87722315607179","-3.56098407112146","-5.35743048114143","-5.60037620030961","-5.44146333041507","-6.80733057120201","-6.04021558283227","-4.81631890533673","-4.93864901451057","-4.63346885034308","-5.12367991314268","-5.31937540284176","-4.03483780515022","0.194641494950958","-1.88548550474234","-3.37024214653633","-3.72480170275582","-4.22439861083835","-3.30032026304924","-1.24431009342642","0.964776433206893","1.19614112500964","0.885829177236282","2.36029059992479","5.04131134881773","2.18604717106608","1.25183056596165","3.11674962852809","",
"Guam","GUM","Current account balance (% of GDP)","BN.CAB.XOKA.GD.ZS","","","","","","","","","","","","","","","","","","","","","","","","","","","","","","","","","","","","","","","","","","","","","","","","","","","","","","","","","","","","","","","","","",
"Guyana","GUY","Current account balance (% of GDP)","BN.CAB.XOKA.GD.ZS","","","","","","","","","","","","","","","","","","-21.6789836851943","-5.83115631903747","-15.6289044598493","-21.3046757247953","-32.1724658908915","-29.3183213393085","-32.1841278736547","-22.2166974860777","-21.3066746942624","","","","","","","-37.0872486840416","-30.8796681550639","-23.1005343563518","-21.679406848842","-4.6356282671207","-8.42301407676256","-7.74879755028687","-7.12481390368902","-11.5341241520002","-12.7638520939434","-8.57971395005412","-6.00217518033652","-2.52795588989275","-11.6705382324577","-7.59053846582146","-6.06659550320194","-10.6229329472303","-7.28409727303008","-7.1762463185401","-10.0853362607878","-9.02441909942374","-10.9417365700277","-9.33174702245427","-0.907095962415786","3.37225553747119","-2.5604255246699","-26.677311081907","-57.1070048116682","-11.6095974967976","-16.9076104824515","28.8207799078315","13.706971462208","",
"High income","HIC","Current account balance (% of GDP)","BN.CAB.XOKA.GD.ZS","","","","","","","","","","","","","","","","","","","","","","","","","","","","","","","","","","","","","","","","","","","","","","","","","","","","","","","","","","","","","","","","","",
"Hong Kong SAR, China","HKG","Current account balance (% of GDP)","BN.CAB.XOKA.GD.ZS","","","","","","","","","","","","","","","","","","","","","","","","","","","","","","","","","","","","","","","1.69913927220226","6.43398804532036","4.39495330629626","6.13423210834762","7.89242487198891","10.7870611277598","9.94811890844345","11.8823196567726","12.6877195301893","13.0222250225228","14.9909891618182","9.88359042348122","7.0032730634956","5.55641787886819","1.57916253447199","1.52003210528648","1.39201098734822","3.31756278823982","3.95440937584328","4.57729182218877","3.73603565842398","5.85365354996682","6.99412189485111","11.8330568374943","10.1831685319613","8.49184480688452","",
"Honduras","HND","Current account balance (% of GDP)","BN.CAB.XOKA.GD.ZS","","","","","","","","","","","","","","","-10.0483325257088","-9.97330960854093","-7.77077180158649","-7.70889510958057","-5.07548313240621","-5.41999765463638","-7.98354895789402","-7.4853577824031","-5.34982262725977","-4.89646699210458","-6.43804523257932","-4.17097738743758","-2.06327659714414","-2.64873877793639","-1.87662522964253","-3.1343092939248","-1.0440767880239","-3.70858883129313","-5.21876281941232","-6.26582067333498","-7.3950720239854","-3.75693438275891","-6.43141199922589","-4.74455764405243","-2.32001422845108","-3.75554180375184","-7.07233719340069","-6.25613323410572","-3.58312677859623","-6.71681853158575","-7.70512924930615","-3.1191412568269","-3.50496253709121","-9.02947363444771","-15.3428520557686","-3.81596304131541","-5.07642907628295","-7.95391811894249","-8.53140502862293","-9.52729388609888","-6.94516636573265","-4.67090141649466","-3.14341400861299","-1.24589511291671","-6.57234650779592","-2.65600856407128","2.85135257343249","-5.46356164867157","-6.69789798896129","-4.03707301824623","",
"Heavily indebted poor countries (HIPC)","HPC","Current account balance (% of GDP)","BN.CAB.XOKA.GD.ZS","","","","","","","","","","","","","","","","","","","","","","","","","","","","","","","","","","","","","","","","","","","","","","","","","","","","","","","","","","","","","","","","","",
"Croatia","HRV","Current account balance (% of GDP)","BN.CAB.XOKA.GD.ZS","","","","","","","","","","","","","","","","","","","","","","","","","","","","","","","","","","6.16611948406294","5.11543986832586","-6.33173304670167","-4.51917827489033","-10.3392081685164","-5.28883442850186","-6.31890080016953","-1.52722841882587","-2.23834054152959","-6.2103221208118","-9.10663581966419","-6.14980575305841","-7.53586560507972","-7.88339836164573","-8.01470793790892","-10.9274578709008","-6.55650234772972","-2.51814375609402","-1.66224275963358","-0.361322793991159","-0.858964118871847","0.393612117446996","2.81569132776121","2.46258877507005","4.05033996072394","1.21879362311209","2.63940414879378","-0.79471642197724","0.807872377612066","-3.68078262891498","0.753574362369111","",
"Haiti","HTI","Current account balance (% of GDP)","BN.CAB.XOKA.GD.ZS","","","","","","","","","","","","1.37265711163065","2.20967546388168","0.252785474551891","-3.70711138528726","-3.6014088648236","-1.41069397070307","-3.95987328484688","-4.58222131070908","-4.86396446515936","-7.28718022981414","-10.058131677015","-6.68294668428327","-6.8477450438677","-5.67008038809498","-4.71084109734433","-1.93688448990915","-1.52113239522274","-1.54422598089587","-2.2899337571992","-0.707298134690105","-2.63475888609836","0.321647431484345","-0.629840344573008","-1.07908903948809","-3.09492727510262","-4.73668671245739","-1.42859318409066","0.770965151911996","-1.44015280913738","-1.67621475073065","-2.08307988263304","-1.43332565140445","-0.882895522214382","-1.02474624447533","0.100253910234458","-1.11312873282486","-0.929422111465849","-1.96314882897524","-1.05359702519351","-0.85860185595704","-2.48774144631427","-3.14501833525929","-3.76338389441215","-4.95582102756805","-1.82345284080223","-1.69084789043559","-2.15252938271163","-2.89019632961826","-1.12265260280797","0.355302483558182","0.419859714184918","-2.42897523935011","-3.43849433959827","",
"Hungary","HUN","Current account balance (% of GDP)","BN.CAB.XOKA.GD.ZS","","","","","","","","","","","","","","","","","","","","","","","-2.20650831690892","-0.828745265619421","0.184031268615892","-2.12193785631061","-5.52701017404118","-2.49041101179536","-1.9257983885403","-1.93938349847765","1.10162640562658","1.16006595717178","0.90862663689079","-10.6230383666042","-9.39050696412632","-3.68736354957262","-3.97371353683823","-4.52403214089525","-7.64089459990879","-8.37316052852776","-8.83884807792618","-6.1202055106571","-6.45098818485992","-8.25455219541706","-9.07203584247206","-9.87694875083312","-7.27842222201558","-7.28306964455016","-7.26385133628135","-1.21731302958873","-0.187824310820443","0.428149463526032","1.07616343983467","2.99024715804561","0.747980298522413","2.11974465500318","4.41513360524006","1.72222481371539","0.342221041090595","-0.61012681765295","-0.856486462034654","-3.87800347437411","-8.3205705337549","0.787522464190016","",
"IBRD only","IBD","Current account balance (% of GDP)","BN.CAB.XOKA.GD.ZS","","","","","","","","","","","","","","","","","","","","","","","","","","","","","","","","","","","","","","","","","","","","","","","","","","","","","","","","","","","","","","","","","",
"IDA & IBRD total","IBT","Current account balance (% of GDP)","BN.CAB.XOKA.GD.ZS","","","","","","","","","","","","","","","","","","","","","","","","","","","","","","","","","","","","","","","","","","","","","","","","","","","","","","","","","","","","","","","","","",
"IDA total","IDA","Current account balance (% of GDP)","BN.CAB.XOKA.GD.ZS","","","","","","","","","","","","","","","","","","","","","","","","","","","","","","","","","","","","","","","","","","","","","","","","","","","","","","","","","","","","","","","","","",
"IDA blend","IDB","Current account balance (% of GDP)","BN.CAB.XOKA.GD.ZS","","","","","","","","","","","","","","","","","","","","","","","","","","","","","","","","","","","","","","","","","","","","","","","","","","","","","","","","","","","","","","","","","",
"Indonesia","IDN","Current account balance (% of GDP)","BN.CAB.XOKA.GD.ZS","","","","","","","","","","","","","","","","","","","","","","-0.661847160975068","-5.90515924090514","-7.81964398213782","-2.1872941302444","-2.25467409481339","-4.89155821027364","-2.76308516687083","-1.65717331965352","-1.17308972972527","-2.81513051122","-3.6528272008554","-2.17141753355818","-1.33285487006627","-1.57836291535994","-3.1815838591366","-3.37028227381292","-2.2660591852136","4.29246398762731","4.13060184583257","4.84306452849134","4.30104853135351","3.99852690784087","3.45304287667862","0.60856132991737","0.0970882462390686","2.97870868013902","2.42726412696792","0.0246933252771077","1.96977056223521","0.681277286873069","0.188703954019704","-2.66027359462061","-3.1899648289581","-3.08816907533729","-2.03504192738521","-1.81915089252068","-1.59465689988054","-2.93907291486926","-2.70566198130944","-0.418606247730959","0.295885914530007","1.00184767462664","-0.148899137539572","",
"IDA only","IDX","Current account balance (% of GDP)","BN.CAB.XOKA.GD.ZS","","","","","","","","","","","","","","","","","","","","","","","","","","","","","","","","","","","","","","","","","","","","","","","","","","","","","","","","","","","","","","","","","",
"Isle of Man","IMN","Current account balance (% of GDP)","BN.CAB.XOKA.GD.ZS","","","","","","","","","","","","","","","","","","","","","","","","","","","","","","","","","","","","","","","","","","","","","","","","","","","","","","","","","","","","","","","","","",
"India","IND","Current account balance (% of GDP)","BN.CAB.XOKA.GD.ZS","","","","","","","","","","","","","","","","-0.149803050596716","1.53711247656258","1.7444258081725","0.504272542122817","0.0329009656250522","-0.958052563978002","-1.39454916709874","-1.25727324301824","-0.887438187991858","-1.08931724045169","-1.78080747473129","-1.8345205595127","-1.85324243711685","-2.40845625496789","-2.3012843286246","-2.19193586906134","-1.58891131223691","-1.55624498023457","-0.671618869530874","-0.512193818555587","-1.54413181166043","-1.51595497295368","-0.713014326393887","-1.63832533358649","-0.703547232193243","-0.982342580017139","0.290495460210206","1.37093793900847","1.44355773291234","0.110018010197153","-1.25350400207393","-0.988988302952292","-0.66371764877261","-2.58337749259838","-1.95146209111801","-3.25348368945179","-3.42928468606061","-5.00488971805304","-2.64566711733893","-1.33950896483453","-1.06754907167965","-0.527880606037518","-1.43948820320988","-2.42697545810527","-1.04961203910072","1.22362111042791","-1.05524166809384","-2.35728753316071","-0.895916592872975","",
"Not classified","INX","Current account balance (% of GDP)","BN.CAB.XOKA.GD.ZS","","","","","","","","","","","","","","","","","","","","","","","","","","","","","","","","","","","","","","","","","","","","","","","","","","","","","","","","","","","","","","","","","",
"Ireland","IRL","Current account balance (% of GDP)","BN.CAB.XOKA.GD.ZS","","","","","","","","","","","","","","","","","","","","","","","","","","","","","","","","","","","","","","","","","","","","","","-3.37203846174545","-3.3862109692366","-5.12758716999565","-5.55568075659423","-2.11779727767183","1.04496016854502","1.1722256559786","-3.39179943405915","2.39619373553333","2.07463267871007","6.16611836652655","-1.19043608616156","1.64776682090383","4.53684281424396","-20.5619614423642","-6.71276262590436","12.2562799365962","8.82777423084431","8.11468850147428","",
"Iran, Islamic Rep.","IRN","Current account balance (% of GDP)","BN.CAB.XOKA.GD.ZS","","","","","","","","","","","","","","","","","11.2555532834156","3.49379120725748","0.133343049218222","13.2401277128544","-2.58365960868815","-3.42887916912912","4.55185121478731","0.228951262380045","-0.255119759636444","-0.264174942561395","-2.46539171310698","-1.55958515303462","-1.51879772632207","-0.158511008446555","0.261991385942188","-7.17727711369584","-5.43046762382498","-6.61242613195991","6.8985233862633","3.48270790815222","4.34537304402065","1.94260555777813","-1.93966255926096","5.75765414012553","11.3886353724995","","","","","","","","","","","","","","","","","","","","","","","","",
"Iraq","IRQ","Current account balance (% of GDP)","BN.CAB.XOKA.GD.ZS","","","","","","","","","","","","","","","","","","","","","","","","","","","","","","","","","","","","","","","","","","","","","","-6.66212529091974","4.11591917217398","17.4694327663084","21.6088001159731","-1.01067925411065","4.68412757383414","14.065166727563","13.5507635163078","6.85843921497559","6.94151191976759","-1.65602101285884","1.29416694062961","7.95462137277485","15.1162785714327","6.74664580876131","-3.48598226553262","11.7148037882244","20.237730601562","11.3117013578386","",
"Iceland","ISL","Current account balance (% of GDP)","BN.CAB.XOKA.GD.ZS","","","","","","","","","","","","","","","","","-1.43157629269258","-2.19152370799866","0.796233434931831","-0.658855016671948","-2.25644897392832","-4.22273479123039","-8.13315764229385","-2.03185137760453","-4.62917483957052","-3.85046863362725","0.403546927920734","-3.41103512872875","-3.78604532768966","-1.79812694962616","-2.0649958515623","-3.89515762269966","-2.26405691328285","0.592668526769544","1.80962228565469","0.177062745323865","-2.44537379973869","-2.34582911356838","-7.17813249237786","-7.09605541053178","-10.1153060454823","-4.59842945573541","1.28725765405433","-4.94961863129668","-10.1388673675219","-15.7173694176824","-22.7337798444996","-13.4684408003706","-22.9392939536373","-9.01015827017163","-6.14491097728025","-4.70354106391418","-3.5156011396135","6.26157055695868","4.34644886292108","5.62762590827157","8.27171987498996","4.25674789459763","4.28102734251169","6.54263819647393","1.12712934760835","-2.79395804491668","-2.42669497806943","0.927701016991328","",
"Israel","ISR","Current account balance (% of GDP)","BN.CAB.XOKA.GD.ZS","-1.33776007329942","-2.78255928642863","","","","-4.39716899000818","-3.40826146170782","-0.420746917419268","-3.37727055861372","-6.2837688938003","-8.34594015023282","-7.74023106094995","-2.34627010584801","-4.41830662293555","-9.11760840025561","-11.306790345544","-4.24410463965087","-1.95339953118497","-5.71058913888573","-4.07636269497416","-3.43596404746547","-5.07272949961688","-7.72909153395259","-7.27412177238322","-5.15781077940182","3.42312439077226","3.56922044556665","-3.2749133146674","-1.59429124246067","0.398096069925915","0.263951942912164","-1.80383870613462","-1.10319888137037","-3.11093863414772","-3.80571517324344","-4.54829006118006","-4.50234900399587","-2.74575154619208","-0.820634941634784","-1.56899793169359","-1.50956110883365","-1.50905235674267","-1.03202205910779","0.4834181252048","1.68170993707291","3.08633452881331","4.38922263650244","2.98035755971248","1.21975524961443","3.52519257911493","3.45172219043069","1.70078343226233","0.373766851279691","2.93007376377159","4.17707926335931","5.33085308370911","3.9692616530511","3.69664005594415","2.90564075690715","3.34369182611431","4.05349579705705","3.25881768551542","3.2579212324977","3.62219585411103","",
"Italy","ITA","Current account balance (% of GDP)","BN.CAB.XOKA.GD.ZS","","","","","","","","","","","0.718374170979019","1.29431173937063","1.36152665828258","-1.61514463554283","-4.13523828552244","-0.287503857987619","-1.26886537800893","0.907778053221065","1.91633721746561","1.50118191700271","-2.20943538571726","-2.40319580477236","-1.72753520994507","0.145705703970541","-0.730455998948557","-0.901971773297406","0.377788429621885","-0.318096912868458","-0.800123821716019","-1.37836826267829","-1.38838935215218","-1.94553731555977","-2.21274668808672","0.724434293633528","1.19806371619551","2.13154267228955","3.04033411855202","2.59252960256439","1.57984290749103","0.79555262294696","-0.270230356072508","0.15478537448926","-0.489738960441859","-0.766212290849888","-0.4953081424742","-0.896244191801556","-1.44603855867144","-1.35566295251184","-2.68669173430212","-1.77411764067094","-3.24412215335914","-2.74163808728921","-0.215238993496647","1.03825599780866","1.70979552518119","1.23326652485505","2.46140246001819","2.47968309636806","2.57144669559437","3.23388196417885","3.9369545603398","2.36551166160116","-1.5588851197709","-0.0107548120555719","",
"Jamaica","JAM","Current account balance (% of GDP)","BN.CAB.XOKA.GD.ZS","","","","","","","","","","","","","","","","","-8.89400500274458","-0.390801319798305","-0.820562363660235","-4.3916362595509","-5.07953451635206","-10.2986612900187","-11.4839207123","-9.25844859773033","-13.1493620359573","-12.8850463190593","-0.58281563697435","-3.79651015258308","1.24059175859453","-6.41131051197616","-6.7962794459024","-5.8472444776442","0.806118560980681","-3.38248971095327","1.49654503129105","-1.50360607545815","-1.92861894016571","-3.95474226120464","-3.79870910291059","-2.43387631839692","-4.07992636835457","-8.25255531148696","-11.0508689241364","-8.20081771864531","-4.92950870317959","-9.52805454519088","-9.91484107251583","-15.9234659804591","-20.3748078735041","-9.3024726659181","-7.06479945013375","-14.283409237551","-9.72634702774029","-9.51223858387756","-8.01738724810733","-3.0312415035281","-0.308749953750269","-2.68406864668736","-1.49278165628941","-1.91168616244942","-1.13600321037607","1.01832689330442","-0.797768635721277","2.92911319510629","",
"Jordan","JOR","Current account balance (% of GDP)","BN.CAB.XOKA.GD.ZS","","","","","","","","","","","","","0.816760788955845","1.32215467517916","0.285196044025787","3.28057236757378","2.1156537354282","-0.786351806460077","-11.084479839863","-0.197707080735771","9.56266971930953","-0.887844608287553","-7.10734229708519","-7.93952391692789","-5.32989808054583","-5.21616604643034","-0.621030727551153","-5.207318880684","-4.6790679319213","9.11816224353517","-5.4598359035703","-9.05843749915752","-15.7267736071471","-11.2209373919821","-6.38176192342057","-3.84422611567063","-3.20262236338464","0.404881941876083","0.178259474491069","4.96858937749858","0.325990723323388","-0.267729842032371","5.23147049546404","11.7553354258968","0.343467252781521","-18.0414274312333","-11.4627147425135","-16.800812979254","-9.06517749543459","-5.06643525254431","-6.93580742997941","-10.0122011601875","-14.8926903748186","-10.1695840827968","-7.07786962691051","-8.99211424558988","-9.65551431813951","-10.5575150922046","-6.83122381081","-1.73661317294453","-5.73222808631066","-8.0300621920483","-7.82338416371671","-3.74831698453371","",
"Japan","JPN","Current account balance (% of GDP)","BN.CAB.XOKA.GD.ZS","","","","","","","","","","","","","","","","","","","","","","","","","","","","","","","","","","","","","1.40135364357911","2.12480738385175","2.79831344439407","2.46175299896327","2.63045548903539","1.97087092323799","2.60256520794998","3.08393890811208","3.71938350458583","3.52114065640567","3.79586172862875","4.62330048259256","2.78294234789656","2.75409583494435","3.83547896264376","2.07915328846556","0.958442611412041","0.889785415808863","0.742322049627637","3.0702796590698","3.93809128404803","4.12036966283801","3.51661817468288","3.45076611445329","2.96758662260168","3.90347308918604","2.1180194826945","3.7860667684835","",
"Kazakhstan","KAZ","Current account balance (% of GDP)","BN.CAB.XOKA.GD.ZS","","","","","","","","","","","","","","","","","","","","","","","","","","","","","","","","","","","","-1.04592536802769","-3.57017932498944","-3.60598416402908","-5.53370867105319","-1.01358457125999","2.00256762828012","-6.27245039510067","-4.15780223333077","-0.884199244172019","0.777323158524581","0.627462667764142","-1.01568463503606","-4.54619329218056","0.964821810457097","-0.116464485829438","1.80897140296935","7.3030140363931","1.26375902394522","1.91316832797548","-1.28837366004242","-5.4122312771503","-5.07331546745494","-2.05429721551443","-0.984581633983154","-3.8684220835049","-6.46182057750937","-1.35935671668035","2.85390106329207","-3.41952978676609","",
"Kenya","KEN","Current account balance (% of GDP)","BN.CAB.XOKA.GD.ZS","","","","","","","","","","","","","","","","-6.59313081216649","-3.41059003900579","0.817248255700238","-12.4296205460132","-7.90440383412372","-12.0608408857918","-8.1930466544504","-4.7474796366265","-0.790278464204043","-2.04946964798652","-1.87478428906863","-0.621487120747491","-6.29861597226385","-5.64053600467967","-7.12799762259636","-6.14864237117801","-2.61695502722967","-2.19456227261349","-4.55283291776748","-6.28016452471494","-17.4462157792245","-7.97941568440556","-13.65280225011","-18.6798241248733","-18.3407041847878","-1.5693516563302","-2.46632258412886","-0.894975876340371","0.888450320310784","-0.818703017571567","-1.34655849731384","-1.97646990538246","-3.2293696026957","-5.52329630288282","-3.98728888063669","-5.21669389712653","-8.14880935200664","-7.4758716615935","-7.85152228564967","-9.34004850596924","-6.30459656347733","-5.3970086381703","-6.99683322084959","-5.41106679141752","-5.23852935907811","-3.70614438428959","-5.10159025996023","-5.14588548301183","-3.99586269636629","",
"Kyrgyz Republic","KGZ","Current account balance (% of GDP)","BN.CAB.XOKA.GD.ZS","","","","","","","","","","","","","","","","","","","","","","","","","","","","","","","","","","-4.32345348579752","-4.9931594909811","-14.1298148219336","-23.2415099703837","-7.83516136995408","-22.1096826975893","-14.7114078976096","-5.55490834350205","-1.2453482434873","-1.82590999500267","-2.19733510264456","1.32375512838834","-1.52182901572015","-10.0953913600934","-5.98595362572479","-13.8763673181829","-4.31423765842019","-9.89833859355209","-7.69730261933363","-15.5252325924145","-13.7754189892496","-17.4244156605429","-15.7592478411185","-11.628233310749","-6.95269622627314","-11.6275560440076","-11.3840798908834","4.52522127933728","-7.97583742281609","-42.683633961771","","",
"Cambodia","KHM","Current account balance (% of GDP)","BN.CAB.XOKA.GD.ZS","","","","","","","","","","","","","","","","","","","","","","","","","","","","","","","","","-3.73271123420457","-4.10154589334762","-5.61001723936974","-5.39636443070654","-5.27277000305394","-6.09569564582159","-5.56266216908929","-5.33253322476225","-3.68398765175247","-2.11975415828821","-2.38394601973682","-4.6255631414654","-3.10902285879404","-4.34447481248578","-2.80064293867027","-4.17983206597176","-6.73529622284658","-5.92994303077878","-7.10406918806883","-6.39866172664646","-6.80261456302101","-6.54160754946616","-6.55176399019618","-6.61221348694343","-6.52773923371679","-6.15664205071234","-8.73582304512043","-7.99991923360397","-1.00006150750614","-29.6082488651911","-18.9575920517337","1.30468362030439","",
"Kiribati","KIR","Current account balance (% of GDP)","BN.CAB.XOKA.GD.ZS","","","","","","","","","","","","","","","","","","","","60.4315826712387","7.3006781637855","-10.1530505836028","-8.10723145788126","15.6606576795186","34.9196679522013","-6.57033565578351","-10.106758834423","-11.1516446025454","-4.79656753718156","-4.08350643146118","-25.1460915946715","10.3924174570064","-14.7892644280636","-6.96350498469507","2.06182129507931","","","","","","","","","","","","-8.61367138669684","-1.81771070850487","-3.56909074477519","-11.8173463311159","0.117605340174368","-8.82892162135159","1.74877238409007","-5.02222116720326","27.9829866738295","29.3632122671814","9.3087880043276","31.6324764748156","32.9466543216842","40.0111168249068","31.9457764390584","6.99903512451459","-12.0081647069354","-1.83260365739708","",
"St. Kitts and Nevis","KNA","Current account balance (% of GDP)","BN.CAB.XOKA.GD.ZS","","","","","","","","","","","","","","","","","","","","","-3.88985068167063","-5.80586080586081","-10.1394988375097","-16.9679399727148","-4.39845246591294","-6.01561457360203","-6.80742525152331","-10.9069487616565","-15.9392626589744","-19.9326664101578","-21.6195022161609","-16.1371040875962","-6.19330957370329","-11.1045580925099","-8.23284353707352","-14.5024279013717","-19.4876060555648","-16.1260420377627","-12.082588802043","-16.5265722023142","-25.4692655371037","-22.5205550309293","-19.9706256978221","-17.7390647418292","-7.70263043844735","-7.2318098036205","-11.0598682210987","-13.8968818612708","-17.1935240173318","-21.1253307397588","-15.3287283630879","-7.81462598635505","-3.12891542335696","-2.86459110864068","0.698262924495274","-8.10718614819114","-12.0811606049124","-10.2532816485857","-5.8458015330205","-4.78511635759442","-10.8380413895977","-3.35211367910693","-11.3798541432377","-11.5951196228124","",
"Korea, Rep.","KOR","Current account balance (% of GDP)","BN.CAB.XOKA.GD.ZS","","","","","","","","","","","","","","","","","-1.03670333314908","0.0312122140358231","-2.08765827187978","-6.20043638877487","-10.4666205056753","-8.80514042691937","-7.07275653437279","-3.99450535542692","-1.80062209130018","-2.05269345748369","2.36416359463149","5.96672998176631","6.39191226182183","1.52529775015712","-0.989604095829498","-2.4296300765503","-0.81603285029084","0.429907668215088","-1.03392904204477","-1.80551411775542","-4.00891851611762","-1.89756993164967","10.4642496332029","4.37869049321248","1.76694970615425","0.395357467719855","0.648245496526053","1.60923024700817","3.69273858240375","1.30587078936523","0.198895401349342","0.893090072873176","0.167376559345669","3.50525819794571","2.44392571528201","1.32756234709964","3.81759181803713","5.63673153341732","5.5931452840881","7.17024612402236","6.52964042316155","4.63508697043555","4.48983945461857","3.61361701036494","4.6160437677793","4.68690580624589","1.54300407564714","1.91626791993389","",
"Kuwait","KWT","Current account balance (% of GDP)","BN.CAB.XOKA.GD.ZS","","","","","","","","","","","","","","","","49.3260103187056","52.7644638846264","32.2612487917373","39.5375920681721","56.6975490231366","53.4297058874729","54.6679741493517","23.002753424156","25.446157933025","29.6206682856126","22.3722825469933","31.367701374047","20.3903662882294","22.2406788578891","37.5757201996048","21.0889314375459","-240.494965882049","-2.26688110960002","10.4366799041399","13.0515355244685","18.4498379359756","22.5684646842299","26.1440180437648","8.53728953848278","16.630878544242","38.8987849354702","23.8570352760579","11.1829070467622","19.6850434098774","26.0905307506551","37.2166556465422","44.6169422787983","36.0539760535066","40.8735629968814","27.3403414829886","32.048537015334","42.9408981177774","45.4600006723134","39.8998364643537","33.179075850826","7.49155630909272","0.586532843680829","6.42748123987403","17.3456575452398","21.4792265624363","19.8384588748188","23.5373149595846","34.2924461669909","31.395617236714","",
"Latin America & Caribbean (excluding high income)","LAC","Current account balance (% of GDP)","BN.CAB.XOKA.GD.ZS","","","","","","","","","","","","","","","","","","","","","","","","","","","","","","","","","","","","","","","","","","","","","","","","","","","","","","","","","","","","","","","","","",
"Lao PDR","LAO","Current account balance (% of GDP)","BN.CAB.XOKA.GD.ZS","","","","","","","","","","","","","","","","","","","","","","","","","-6.91463415116002","-4.81690151247769","-6.25266590527999","-12.7015006193479","-12.9724581509389","-11.3858079888182","-6.34271542692465","-2.87913104687604","-4.29151462766678","-2.68876183212059","-10.384772031231","-13.4218955056777","-14.1486911060263","-11.791562783936","-5.97573225268029","6.16736181031808","-0.489256566266576","-3.80683721990308","0.47045153495805","-1.46818009608596","-7.53199402235116","-6.35287280117623","2.17967841617852","3.30099767237269","1.42375423290882","-1.04359478297296","0.410966616116085","-2.35798203498442","-7.31300411617256","-7.81092232090561","-14.4922715355557","-15.7184889292204","-8.70224068894505","-7.37970657985854","-9.08923603390857","-7.04124343564555","-1.60378619154944","2.29262780940357","-2.96567805589965","2.55329592767601","",
"Lebanon","LBN","Current account balance (% of GDP)","BN.CAB.XOKA.GD.ZS","","","","","","","","","","","","","","","","","","","","","","","","","","","","","","","","","","","","","","","","","","","-23.7091629307817","-25.5858580911917","-20.8205658199381","-12.7829830371367","-5.06914682104357","-6.4637503869807","-14.0893224912248","-19.0424176351022","-19.6443379596193","-13.8340690487529","-23.4382140171445","-25.5114319532074","-26.2298655609816","-17.1077378092157","-20.4780237123596","-22.8822040339123","-24.3470417876755","-21.828092491848","-8.76184199911137","-19.6978128626341","-34.606227109401","-28.103669636709","",
"Liberia","LBR","Current account balance (% of GDP)","BN.CAB.XOKA.GD.ZS","","","","","","","","","","","","","","","","","","","","0.0428522932713302","0.115921652438296","0.191896319113041","0.00860918049700298","-0.268339891167499","-0.0021777960448143","0.143069054829129","-0.0453226545433979","-0.321188313584621","","","","","","","","","","","","","","","","","-17.8067908816868","-19.3410307528501","-15.4436442263208","-16.2534531227223","-20.5275176083252","-15.6782479232001","-42.7136316998038","-52.4853470186806","-59.9955509928998","-32.8209688370026","-19.9198359881725","5.3024253714189","-8.12261279894881","-16.6798323783013","-19.6944373252366","-19.6832166735006","-8.65744008690813","-2.89623383635124","1.61973328165346","","",
"Libya","LBY","Current account balance (% of GDP)","BN.CAB.XOKA.GD.ZS","","","","","","","","","","","","","","","","","","9.62662234882035","3.33409117766804","12.3490924388233","20.0561837808562","-10.8964032001105","-4.61940543377853","-4.94958163901384","-4.94127620327853","6.04624536630071","-0.642505238351677","-3.88021665959019","-7.51294253794949","-4.07987731147903","7.61514456264139","-0.684778203729511","4.15259932620101","-4.45456173563349","0.092304549528502","6.54681750805331","4.43842599053249","5.1028328459201","-0.767539699344716","5.93731567943484","16.3831818181818","9.76779674418605","3.38835921882208","12.9522903033908","13.9362270373209","31.5730378883291","36.8920600318477","41.906588061326","41.1733179906877","15.426446023908","22.2877634810811","6.62746278785412","25.7575733312092","0.0127403569483039","-33.1750366593745","-19.1840709119308","-9.42697758493981","6.59107791644499","14.7041123833162","6.95550505080755","-10.2022684905863","16.1147728474926","","","",
"St. Lucia","LCA","Current account balance (% of GDP)","BN.CAB.XOKA.GD.ZS","","","","","","","","","","","","","","","","","","","","","-19.545652173913","-20.4685714285714","-16.8","-2.49248120300752","-5.32842415316642","-4.39453125","-1.96514161220044","-3.81163708086785","-4.16982758620689","-12.9984779299848","-9.84153354632587","-11.7073023536512","-8.31318681318681","-7.32612222823148","-6.77841203943955","-4.74708737864078","-7.33239436619718","-9.76424632352941","-6.85647952722668","-12.0397750100442","-17.8343762887705","-18.826512732663","-17.6189580491342","-20.9315483729513","-14.87434137709","-15.5065043802059","-29.3295746576677","-18.3824804800028","-24.2393485824396","-8.46949402978313","-12.6704280191935","-14.3071211652342","-10.0247004570207","-6.53120424868059","-2.42897703597574","-0.477236989939979","-6.33816485486914","-1.90841389356262","1.47239112952094","3.32562257180734","-18.939337862207","-11.29638136232","-3.56176856433687","-1.56654093638553","",
"Latin America & Caribbean","LCN","Current account balance (% of GDP)","BN.CAB.XOKA.GD.ZS","","","","","","","","","","","","","","","","","","","","","","","","","","","","","","","","","","","","","","","","","","","","","","","","","","","","","","","","","","","","","","","","","",
"Least developed countries: UN classification","LDC","Current account balance (% of GDP)","BN.CAB.XOKA.GD.ZS","","","","","","","","","","","","","","","","","","","","","","","","","","","","","","","","","","","","","","","","","","","","","","","","","","","","","","","","","","","","","","","","","",
"Low income","LIC","Current account balance (% of GDP)","BN.CAB.XOKA.GD.ZS","","","","","","","","","","","","","","","","","","","","","","","","","","","","","","","","","","","","","","","","","","","","","","","","","","","","","","","","","","","","","","","","","",
"Liechtenstein","LIE","Current account balance (% of GDP)","BN.CAB.XOKA.GD.ZS","","","","","","","","","","","","","","","","","","","","","","","","","","","","","","","","","","","","","","","","","","","","","","","","","","","","","","","","","","","","","","","","","",
"Sri Lanka","LKA","Current account balance (% of GDP)","BN.CAB.XOKA.GD.ZS","","","","","","","","","","","","","","","","-2.90217764368681","-0.165507109315176","3.46430690944804","-2.39905798045043","-6.72615211317088","-16.2823508694656","-10.0643587786612","-11.4981206132982","-9.01719279132174","0.014543099555577","-6.9992975801459","-6.51148135328221","-4.87947833303539","-5.65273419241547","-5.92088186722557","-3.71364846145229","-6.60834436461149","-4.6445676126182","-3.69702621240226","-6.46387915946705","-5.90910994846491","-4.91199982756748","-2.61516855545627","-1.44134564835237","-3.58544100704806","-6.39029694359056","-1.36821186331088","-1.42925945944237","-0.374541248460878","-3.1340311530145","-2.66382240513017","-5.29710561091735","-4.33041626176129","-9.54319542329735","-0.510385718302903","-1.83339082942674","-6.81209784164494","-5.69099820826854","-3.29942347704936","-2.40848114779964","-2.21136123658296","-1.97972336537526","-2.44658578991858","-2.96215302641473","-2.07088768368178","-1.40813715376196","-3.7064634239359","-1.95354537364034","1.84799342605644","",
"Lower middle income","LMC","Current account balance (% of GDP)","BN.CAB.XOKA.GD.ZS","","","","","","","","","","","","","","","","","","","","","","","","","","","","","","","","","","","","","","","","","","","","","","","","","","","","","","","","","","","","","","","","","",
"Low & middle income","LMY","Current account balance (% of GDP)","BN.CAB.XOKA.GD.ZS","","","","","","","","","","","","","","","","","","","","","","","","","","","","","","","","","","","","","","","","","","","","","","","","","","","","","","","","","","","","","","","","","",
"Lesotho","LSO","Current account balance (% of GDP)","BN.CAB.XOKA.GD.ZS","","","","","","","","","","","","","","","","-0.723327544955326","-23.1308353186713","-4.75907078705739","3.19240644674945","","13.0526673010014","0.984163429956206","38.0056279669336","43.8193034024677","47.8490526479606","52.9105979559164","43.1651200028898","62.3000205890857","23.3259952494789","14.3135490539678","17.0400317464731","-16.9228867531249","-19.6848326440848","-12.4345249991111","-2.87970519198183","-15.3062508116221","-22.8460765028951","-22.9236378981082","-21.8944421361771","-18.2545264654225","-8.6703357592323","3.45948826928832","8.18759668831341","-1.48520681497293","1.75904831470622","5.68794455057766","11.9989367597937","18.1419183617744","15.7113939585122","-2.94530645950599","-11.0020417569816","-11.8566683946226","-18.765252030753","-10.7579867652524","-8.42016664486882","-5.73228396984582","-10.5017567713342","-9.01074725417763","-5.62372777156263","-7.45753439541607","-5.89018409974701","-8.12794759731639","-11.4187592679775","-6.99085047562451","",
"Late-demographic dividend","LTE","Current account balance (% of GDP)","BN.CAB.XOKA.GD.ZS","","","","","","","","","","","","","","","","","","","","","","","","","","","","","","","","","","","","","","","","","","","","","","","","","","","","","","","","","","","","","","","","","",
"Lithuania","LTU","Current account balance (% of GDP)","BN.CAB.XOKA.GD.ZS","","","","","","","","","","","","","","","","","","","","","","","","","","","","","","","","","","","","-7.75594856924648","-8.57167547493215","-9.65097618681177","-11.4996358238953","-10.8335113412083","-5.84291644362833","-4.67813526904782","-5.04608050801903","-6.79642419021814","-7.78077111235874","-7.3372802860665","-10.6838036897227","-15.3448035059388","-13.5865555459022","2.24459117154569","0.197960453991681","-3.68690525403636","-1.606838534778","1.70747298429575","3.54699194706827","-2.51745557937896","-1.01460897973493","1.08697261761581","0.309996924920131","3.73752991159912","7.22470104088845","1.46940668521304","-6.08497389220301","1.10087710830163","",
"Luxembourg","LUX","Current account balance (% of GDP)","BN.CAB.XOKA.GD.ZS","","","","","","","","","","","","","","","","","","","","","","","","","","","","","","","","","","","","","","","","7.53220825687085","11.7980371292524","7.73705438915607","7.14278268194218","7.23971396614447","7.20483504462231","6.9258412074691","6.64664035033178","6.54715391196004","6.21864838142358","5.51620322817162","5.81430386608805","5.62953573207791","5.2554249641521","5.20354851275535","4.92857348332843","5.62139533101291","7.41517069613731","6.18033427082303","8.3299045617089","8.61852198736833","5.09743603704197","6.53591622323811","9.19738675468933","11.4985644113655","",
"Latvia","LVA","Current account balance (% of GDP)","BN.CAB.XOKA.GD.ZS","","","","","","","","","","","","","","","","","","","","","","","","","","","","","","","","","","","","-0.288220368032761","-4.82428958681789","-5.43416067620327","-9.31305535970457","-8.93340754196004","-3.74561890268537","-6.11482755314463","-5.65255950802705","-7.55280447496837","-12.1485756630769","-12.1765171311226","-22.1217320133029","-21.8446033162048","-13.1348906245122","8.01439427957829","1.75850166439734","-3.55024462389465","-3.86974112964083","-2.8855289884358","-1.54126838976541","-0.126358311809163","1.75657365769608","1.53282603585066","-0.384114199278582","-0.173662933662394","3.09270300452461","-4.13624329026991","-5.4769655564334","-3.93603588100191","",
"Macao SAR, China","MAC","Current account balance (% of GDP)","BN.CAB.XOKA.GD.ZS","","","","","","","","","","","","","","","","","","","","","","","","","","","","","","","","","","","","","","","","","","","31.5286028134005","30.6171290559844","32.9551337944103","23.6536932562746","14.8926589241556","21.6848309836138","15.5618056929659","27.5466705182498","38.9198611748692","40.3805212331346","38.8337558786495","39.3349948333647","32.7057408345899","23.3424523380083","26.523420918983","30.7652133101259","32.8784909153601","33.5424094908753","14.8052095304859","8.73438488550019","13.9036281389184","31.3945625415819","",
"St. Martin (French part)","MAF","Current account balance (% of GDP)","BN.CAB.XOKA.GD.ZS","","","","","","","","","","","","","","","","","","","","","","","","","","","","","","","","","","","","","","","","","","","","","","","","","","","","","","","","","","","","","","","","","",
"Morocco","MAR","Current account balance (% of GDP)","BN.CAB.XOKA.GD.ZS","","","","","","","","","","","","","","","","-5.60819463502751","-14.2742452481939","-16.5149420348649","-9.90680679528439","-9.44183832358995","-6.4737890814056","-10.2747156555108","-10.5533058846663","-5.45026319040028","-6.63891398714747","-5.94056592475512","-1.07197012708123","0.834870950569778","1.83922413202176","-2.99202592899788","-0.648031086262141","-1.27998993380057","-1.28343704004021","-1.6469906370207","-2.03049106287262","-3.03845005048265","0.0810758584150156","-0.222808698229","-0.309237465352601","-0.360657901889275","-1.10387975127873","3.67558331729074","3.13718804047296","2.72583245907781","1.46649924876604","1.51129572542934","1.85973036169923","-0.140355839695734","-4.4474051229375","-4.91456971921295","-3.89149487244855","-7.26703537698178","-8.95034696939186","-6.77731894447504","-5.53783287947429","-1.95690775142638","-3.74613174513","-3.10210665362038","-4.87290163435469","-3.4182057355437","-1.1275993199651","-2.35786783699057","-3.66568548335361","-0.617116657998831","",
"Monaco","MCO","Current account balance (% of GDP)","BN.CAB.XOKA.GD.ZS","","","","","","","","","","","","","","","","","","","","","","","","","","","","","","","","","","","","","","","","","","","","","","","","","","","","","","","","","","","","","","","","","",
"Moldova","MDA","Current account balance (% of GDP)","BN.CAB.XOKA.GD.ZS","","","","","","","","","","","","","","","","","","","","","","","","","","","","","","","","","","","-4.81849923728046","-4.82658473389648","-11.3165884413615","-14.2424061971689","-19.703688169616","-5.79782952702232","-7.62090655684757","-1.80863629279978","-1.19146609275515","-6.56921155001991","-1.7754260708042","-7.55636173709232","-11.3377651882737","-15.2482071673217","-16.1122760959283","-8.91986143699658","-6.90279523078091","-10.1250094571942","-7.39016827021289","-5.16294162285186","-6.04440067766107","-5.93562136370789","-3.61387040187985","-5.8373598499054","-10.7699247852566","-9.42148010949479","-7.6900486921726","-12.4095546577967","-17.1069335842635","-11.4467623766158","",
"Madagascar","MDG","Current account balance (% of GDP)","BN.CAB.XOKA.GD.ZS","","","","","","","","","","","","","","","-2.06694200298536","-2.43620776848847","-1.28895947796277","-0.641889420518565","-2.97289244753707","-12.3023030716153","-10.6948496985696","-7.62349463194935","-6.25574404152797","-5.27244208355968","-4.94886495208731","-4.82702654900199","-3.2809647442559","-4.38305379391793","-4.70286125740762","-2.6404487024831","-6.7402215427995","-7.05909513228602","-5.3204716566007","-6.35407434246971","-7.86534184287846","-7.19054123216569","-3.09508028987331","-4.73438947874968","-6.57345320506213","-5.24790671715345","-5.62675808214078","-2.57548758488006","-8.91359828774941","-5.14632639531453","-7.8779924793773","-12.5308217712467","-9.15517433304637","-9.88570197659671","-15.636461385028","-18.1718557648058","-8.94853617133511","-6.7277511440997","-7.46271017824129","-6.50549854289754","-0.649123766588139","-2.25941841339224","0.378142575318561","-0.228589799383039","0.712560880258365","-2.13564971662682","-4.7784229274215","-4.96025397424559","-5.47996370230454","","",
"Maldives","MDV","Current account balance (% of GDP)","BN.CAB.XOKA.GD.ZS","","","","","","","","","","","","","","","","","","","6.56568933523214","-12.4599708879185","-52.2800998128509","-45.1079562259686","-39.8653010474251","-41.8469462840324","-14.8853626943005","-4.32421355782012","-0.208041146185758","5.70441069831851","5.36592222505338","5.60359364579896","4.58227775785015","-3.67599589121679","-6.89375110912518","-16.688220023314","-3.12051376186332","-4.55205734073564","-1.65325346284258","-6.8289803723186","-4.04791854699075","-13.3953146587577","-8.24543127431548","-6.74959538197381","-3.96704001433817","-2.97459860769224","-9.9708472282721","-23.4672692200603","-19.1705839350464","-14.3948746476646","-26.9277527694823","-9.41593217957294","-7.57604640472633","-13.8208553363039","-6.3922910977274","-3.86626742586717","-3.18665825232612","-7.30588031911147","-23.4109557277276","-21.267761433937","-27.8019976962882","-25.8168822522057","-35.7483018974442","-8.63308174559145","-16.8682109628804","-21.2217011499484","",
"Middle East & North Africa","MEA","Current account balance (% of GDP)","BN.CAB.XOKA.GD.ZS","","","","","","","","","","","","","","","","","","","","","","","","","","","","","","","","","","","","","","","","","","","","","","","","","","","","","","","","","","","","","","","","","",
"Mexico","MEX","Current account balance (% of GDP)","BN.CAB.XOKA.GD.ZS","","","","","","","","","","","","","","","","","","","","-4.02060772490222","-5.06963190827687","-6.156229614062","-3.19009571351936","3.75623530178317","2.27052210707829","0.4097498554593","-1.02336547249367","2.87849150208388","-1.30718845924716","-2.63094782575329","-2.85201728941809","-4.75442816258017","-6.73040694268406","-4.41375552279233","-5.35786349392844","-0.414680790187327","-0.580284830782932","-1.46431251799994","-2.8688383681894","-2.21778204046026","-2.52707170174362","-2.23003398924791","-1.52936520789151","-0.526761129661889","-0.464775659455355","-0.623534401583354","-0.316555541136009","-0.844640815298196","-1.40680860965349","-0.750928571008077","-0.339592498650935","-0.857892612318958","-1.40984864750597","-2.39396960197863","-1.82131927662925","-2.59917628210589","-2.27311198277187","-1.79746290774801","-2.06414074457574","-0.296844402091808","2.39997618948584","-0.341323111758756","-1.20188858644509","-0.306117545828148","",
"Marshall Islands","MHL","Current account balance (% of GDP)","BN.CAB.XOKA.GD.ZS","","","","","","","","","","","","","","","","","","","","","","","","","","","","","","","","","","","","","","","","","","","","","","-1.84152127674111","-4.31769265889554","-5.46347487121282","-3.7626711451161","-17.4606242687681","-8.90157593664854","-3.35417720964158","-10.853093241824","-15.5136760481559","-2.6233164365833","-3.82810868960235","-8.03419828647661","6.04608391648484","24.1051166048242","36.9827881728596","37.3371142778297","29.4564732703934","","","",
"Middle income","MIC","Current account balance (% of GDP)","BN.CAB.XOKA.GD.ZS","","","","","","","","","","","","","","","","","","","","","","","","","","","","","","","","","","","","","","","","","","","","","","","","","","","","","","","","","","","","","","","","","",
"North Macedonia","MKD","Current account balance (% of GDP)","BN.CAB.XOKA.GD.ZS","","","","","","","","","","","","","","","","","","","","","","","","","","","","","","","","","","","","","-6.20720983576967","-7.04040325202006","-7.43809653632584","-1.69696104187635","-2.73306730994392","-6.344343807859","-9.42563749802041","-3.75035857468212","-7.94691572310685","-2.54533490974662","-0.416080626106531","-7.26623240489014","-12.4707536603642","-6.48354076815342","-2.10791254447937","-2.49367551945885","-3.27478423718895","-1.63764033882168","-0.481713137157683","-1.71222694530355","-2.66389921940311","-0.586294696197347","0.143273398779884","-2.98648910497823","-2.91596537662612","-2.67744223538636","-6.23699171036603","0.358884359072908","",
"Mali","MLI","Current account balance (% of GDP)","BN.CAB.XOKA.GD.ZS","","","","","","","","","","","","","","","","-7.36103616514136","-4.49681215593962","0.514651729783945","-11.9435334966183","-7.10381454337426","-7.06492588242611","-9.09864670073415","-8.63637298695211","-7.91406668831883","-9.65218891613026","-15.060864088699","-13.7196637189457","-10.2142570740869","-11.1168747249962","-6.88055635841958","-8.24579630038536","-6.333146911832","-8.49776273106503","-6.69146315896392","-7.81156081651985","-10.4870216907816","-9.37980951167608","-6.61483961068421","-7.12885723878786","-7.35500239608279","-8.61582105418432","-8.94700250685597","-3.82573159427046","-5.76110236932365","-7.51163065998271","-7.00899044349364","-3.1675488671725","-7.13429257420351","-10.8527300204131","-6.42598540986764","-11.1430666856707","-5.05796197481615","-2.19137218098702","-2.83017478710356","-4.71102385314756","-5.32405567352504","-7.24251138198572","-7.89367012414417","-4.89872553380078","-7.45796271471238","-2.17391657299105","-7.6051876049087","-7.85624060016223","-7.79375130462375","",
"Malta","MLT","Current account balance (% of GDP)","BN.CAB.XOKA.GD.ZS","","","","","","","","","","","","0.464201511782091","7.63725780318107","8.78692938348136","1.37957274365457","12.4845854117554","10.4257210043697","6.39712605788372","9.15425749016075","4.65269439393709","3.10291415002568","6.94579741403519","1.00239890603693","-0.416568270637591","0.74807447587208","-2.30731017406161","0.478758059081028","1.28913426742556","3.02319947373896","-0.446951303289054","-2.18883857266974","-0.267945615662335","1.00065506484106","-3.1129783386066","-4.3867002551524","-10.2410273797249","-11.0485747724067","-5.98617023615435","-5.80884792273331","-3.26888822005127","-11.9011092563421","-3.67648366474917","2.38461430146261","-2.8842821201839","-3.79516331852585","-6.53614983870588","-7.86241350982763","-2.01353975492017","-0.842459398387329","-6.38592907338502","-4.61361469945718","-0.132890972924924","1.57359476452895","2.50365373946711","8.34223890375466","2.65010086231415","-0.551812269317061","19.1577413621011","13.3484161587894","17.8499331598587","16.1164990939613","9.35025700944488","-0.872518136261447","6.38045045138846","",
"Myanmar","MMR","Current account balance (% of GDP)","BN.CAB.XOKA.GD.ZS","","","","","","","","","","","","","","","","","-2.83362559439057","-11.6358248591999","-23.3006843135133","-38.043611076022","-33.7561431105611","-28.5151099433081","-34.023468787847","-25.5752791795015","-16.8683263813367","-13.8936132678286","-18.5758278264764","-11.5180458350909","-11.4146578021773","-3.37709642215162","-20.391141264827","-12.9200327093985","-4.74404746483468","-7.20253615389665","-2.93057018921972","-4.8865587953609","-4.56988456855419","-8.72524429573243","-7.6510593118296","-3.32147094586841","-2.35956987604124","-2.34635994742259","1.41024552018482","-0.182395916009129","1.04340168282983","4.85379033880321","5.47410687810815","6.84128559608505","3.91377460527001","2.67166530648619","3.17749475847855","-2.60285417206877","-2.1015900196755","-0.644739708349136","-3.78673335196155","-5.21601722230963","-3.03174958632843","-7.44369978642156","-3.77415133315681","0.0902156578672671","","","","","",
"Middle East & North Africa (excluding high income)","MNA","Current account balance (% of GDP)","BN.CAB.XOKA.GD.ZS","","","","","","","","","","","","","","","","","","","","","","","","","","","","","","","","","","","","","","","","","","","","","","","","","","","","","","","","","","","","","","","","","",
"Montenegro","MNE","Current account balance (% of GDP)","BN.CAB.XOKA.GD.ZS","","","","","","","","","","","","","","","","","","","","","","","","","","","","","","","","","","","","","","","","","","","","","","","","-39.7768023439185","-49.6472351090608","-27.6857497590875","-20.5662845364964","-14.6274128082021","-15.624667372656","-11.4522927124799","-12.4174302295561","-10.9289242728137","-16.1640057366555","-15.6778556675142","-17.124414916804","-14.3566693575483","-25.9335027097551","-9.2332691434238","-13.1281582011878","-11.307542480472","",
"Mongolia","MNG","Current account balance (% of GDP)","BN.CAB.XOKA.GD.ZS","","","","","","","","","","","","","","","","","","","","","","-34.9552103630533","-33.1256605379471","-30.2340288464406","-35.2593415098793","-37.2054865309679","-36.6206663616978","-32.7946830370379","-32.2456668149356","-33.280152334654","-24.1738310890104","-3.97012494419359","-3.6611692201263","5.00389357478453","4.99450705638277","2.67875894679157","-2.74202764825275","5.7564595755319","-6.72334550775523","-5.46521084754003","-6.14547875845517","-4.86593852642615","-7.52987540545581","-6.1849966690847","3.16276343681137","3.46785355038079","10.900689191107","4.05637184446513","-12.2837567825614","-7.45624740801022","-12.3162160595433","-43.3455193285101","-43.7712346792978","-37.6076656283991","-15.8208781709903","-8.16234225533353","-6.25748206242188","-10.0640976839599","-14.4368935873352","-15.2163324376399","-5.06732429872457","-13.7928750935516","-13.4342448059604","0.596631968292984","",
"Northern Mariana Islands","MNP","Current account balance (% of GDP)","BN.CAB.XOKA.GD.ZS","","","","","","","","","","","","","","","","","","","","","","","","","","","","","","","","","","","","","","","","","","","","","","","","","","","","","","","","","","","","","","","","","",
"Mozambique","MOZ","Current account balance (% of GDP)","BN.CAB.XOKA.GD.ZS","","","","","","","","","","","","","","","","","","","","","","","","","","","","","","","","","","","","","","","","","","","","","","-8.57633327947648","-7.94365295252278","-7.27188482122912","-8.87904477952142","-9.99835364421765","-14.7165826342636","-22.7703546509242","-40.6875061700663","-36.3613191591472","-32.2453333565598","-36.6947715334654","-33.6916062672094","-17.9387522356553","-29.4674796418232","-16.0764477598265","-24.9913481328696","-21.1927915856731","-33.7160091783462","-10.5335560237746","",
"Mauritania","MRT","Current account balance (% of GDP)","BN.CAB.XOKA.GD.ZS","","","","","","","","","","","","","","","","-8.98459138146243","-11.0888624186153","-15.2971067306739","-9.72025213012516","-10.1838644254642","-12.7158226484781","-13.3089700008827","-24.9433928299074","-18.2823981221042","-10.3031530161224","-11.4915971196102","-16.3711950009784","-10.9484542524504","-6.77608121715172","-1.28119525557269","-0.638836324729016","-1.40007940327723","-5.46477221371503","-9.41968080103246","-3.59160631784023","1.05695623655628","4.28139003061522","2.30835544807712","3.80082497366029","","","","","","","","","","","","","","-18.223160371795","-17.4684556266355","-22.3452375422524","-15.5013464565918","-11.0456852081297","-10.4262723627796","-13.0177274187857","-10.5273103616245","-6.97484998771505","-8.75965093399859","-14.8995650002897","-9.07371592526961","",
"Mauritius","MUS","Current account balance (% of GDP)","BN.CAB.XOKA.GD.ZS","","","","","","","","","","","","","","","","","-4.92937852824705","-9.33770801125651","-11.3839573115947","-11.8689896102947","-10.2109154006487","-12.6806719420357","-3.76171848727161","-1.7317566692905","-4.84424708206638","-2.70755756197359","6.34602820072293","3.41370233980875","-2.59725145626588","-4.68240254286228","-4.43571320618407","-0.573710994688894","-0.0039327073973784","-2.78237744784667","-6.43547581135827","-0.533764277492421","0.758385031201646","-2.09597267957948","0.0779181257579554","-2.82125117014599","-0.781626205334805","5.90451835820637","5.08279804408041","1.58063931123062","-1.67663771284403","-4.92618819781318","-8.5990405170197","-5.32425715155235","-9.76705967182625","-7.1747497411416","-10.0540447638357","-13.5461288550227","-7.09172688122855","-6.10328682706151","-5.27783309373618","-3.47276014053665","-3.90142490101587","-4.46441191248389","-3.76903120298371","-4.97698958833493","-8.78947144116732","-13.0319974912817","-11.1140662620035","-4.42310477684678","",
"Malawi","MWI","Current account balance (% of GDP)","BN.CAB.XOKA.GD.ZS","","","","","","","","","","","","","","","","","","","","","-14.4144229275812","-8.08173989233987","-6.50393794959141","-7.34956949210379","-2.3746061115684","-7.67681587828195","-4.92595027026799","-3.51993107116671","-4.32522537037836","-2.21407095658878","-3.1489362981872","-7.10041357757526","-10.8791557554642","-5.49395887067224","-10.5056125795652","-3.83729133204213","-4.44111037598451","-7.12655435902359","-0.171765166275472","-6.09583135502046","-2.89662420047882","-2.39994803963789","-3.94494805532032","-5.33174689192045","-7.49180677650099","-9.52389293471596","-5.26911371178684","-6.47983259735383","-8.95428978540152","-6.03374203830181","-9.57007930375057","-9.75872117783752","-8.48798044395288","-15.3915920767632","-12.8223513014995","-11.5453760878876","-12.7134008077219","-17.4208707671145","-17.2586885571347","-11.953204223662","-13.9233224686156","-15.492249323196","-17.8461868521848","-17.9049420444647","",
"Malaysia","MYS","Current account balance (% of GDP)","BN.CAB.XOKA.GD.ZS","","","","","","","","","","","","","","","-5.66978816989835","-5.28318159461672","5.3017625084145","3.40136008483581","0.776012359261825","4.43736066361294","-1.08614075107854","-9.87450749320037","-13.3756149428527","-11.4743626183945","-4.88120748347306","-1.9233254163205","-0.365952501370538","8.00271214348334","5.29392592570483","0.809632059184724","-1.97596593915066","-8.51147688277301","-3.66302477841909","-4.4711197835","-6.06906128911756","-9.74414011928346","-4.4241026644928","-5.93493554436093","13.2035212438437","15.9240800095756","9.04991849068885","7.85355934414698","7.12945542035369","12.1423505560345","12.0877738119346","13.9199700905602","16.1037222225662","15.3811208611024","16.8597967039905","15.7230105263055","10.0556778509323","10.905001967915","5.18877994987762","3.46614353655814","4.39159166153878","3.00891850128321","2.36768591329055","2.807870911226","2.23708206947011","3.5038866968342","4.18956779359845","3.87747670667502","3.12519285726352","1.56542803967803","",
"North America","NAC","Current account balance (% of GDP)","BN.CAB.XOKA.GD.ZS","","","","","","","","","","","","","","","","","","","","","","","","","","","","","","","","","","","","","","","","","","","","","","","","","","","","","","","","","","","","","","","","","",
"Namibia","NAM","Current account balance (% of GDP)","BN.CAB.XOKA.GD.ZS","","","","","","","","","","","","","","","","","","","","","","","","","","","","","","","0.987750380407316","3.50682146258359","1.45076530847198","3.38948114256632","2.32736507941294","4.42191202727639","2.90190452582366","2.17486290358748","4.17856596154538","-0.713550203024386","4.88302195508905","0.296284143221953","2.56344598181966","5.39320601443691","6.75263572812589","4.54506155040309","13.5327560610168","8.45998885353951","-0.107055208867992","-3.54487581295613","-3.92244710726353","-6.84779731737787","-8.58334513038749","-8.23764757879194","-9.42886877840748","-13.7578944670231","-16.4970881327639","-4.42059051747783","-3.55152146428618","-1.76497330612085","2.98724582177764","-11.230237845488","-12.8152208955281","-14.6468621115493","",
"New Caledonia","NCL","Current account balance (% of GDP)","BN.CAB.XOKA.GD.ZS","","","","","","","","","","","","","","","","","","","","","","","","","","","","","","","","","","","","","","","","","","","-2.86678508081955","-0.755998521964056","4.35183034856489","-1.80252744533202","-5.92906058591189","-3.33329200092358","-15.6459029644441","-9.46213629763792","-14.5218511333909","-13.4437447217601","-20.0199924731485","-17.7669952366321","-12.2281865063866","-12.8101852123627","-7.49878946256032","","","","","","","","",
"Niger","NER","Current account balance (% of GDP)","BN.CAB.XOKA.GD.ZS","","","","","","","","","","","","","","","-2.70935570234394","1.14928722489301","-1.87642259764247","-7.40469908552247","-11.3257876538385","-6.52188913381567","-10.990188933465","-8.36039977268122","-11.5390650361039","-3.4293406956196","0.0819107267696867","-4.44144017856568","-8.19017249378988","-7.91625714414483","-10.1079206328771","-11.7855602108066","-6.71584277283357","-5.36190889584531","-4.7005047416402","-3.18346881621279","-6.50899287498019","-6.58674611287555","-4.5218931665648","-5.80368330028339","-5.76469887056396","-5.40711498610087","-4.65677330266078","-3.77103577195078","-5.95095241784043","-6.45750654841098","-6.15019981758","-7.10956498131608","-6.60182023558473","-6.13680984428318","-8.96292471931383","-18.0270234730354","-14.4829041887519","-16.3335422488129","-10.8373796125038","-11.2529264462121","-12.0310951996373","-15.3473430526611","-11.3633579890889","-11.3934461122487","-12.6586015970767","-12.1993364507939","-13.2104717583835","-14.0736964853201","-16.1987356727326","-13.8696165457749","",
"Nigeria","NGA","Current account balance (% of GDP)","BN.CAB.XOKA.GD.ZS","","","","","","","","","","","","","","","","","","-2.81937908701247","-10.2779007002128","3.53472814426235","8.06453658137612","-3.93611344339783","-5.100383348531","-4.46140983293414","0.166880360359967","3.53045930744717","0.38478286071096","-0.138974926535839","-0.597105157555352","2.47600151384044","9.23137171937244","2.02019931723546","4.3562276486894","-1.37583994197616","-2.64669476661828","-0.569349975254788","0.591612746659758","0.083763492525045","-0.553602928004357","0.855100862970632","10.7371768862312","3.36845503733351","1.13946817426016","3.23719691054246","12.4042052774237","20.7940448372854","15.3142425877272","9.93609280353569","8.58534493307944","4.70138235015375","3.57264829109627","2.57400123356654","3.7446896447893","3.66244030371784","0.157882534299197","-3.13140101186134","1.25472098152786","3.60982550121523","1.72693303668361","-2.88402835896401","-3.69874324007746","-0.738183955457954","0.213362293998091","1.65528597155347","",
"Nicaragua","NIC","Current account balance (% of GDP)","BN.CAB.XOKA.GD.ZS","","","","","","","","","","","","","","","","","","-8.16793939445854","-1.17027777639347","11.4952795422212","-19.1866809128485","-23.9059257979716","-20.9370554814218","-18.4301329174237","-19.152554031899","-28.7252680466012","-23.9275071541971","-17.9268793853053","-27.1922146035063","-35.6993132803722","-30.2341219819735","-17.7457864195992","-42.8937974118697","-34.4045397460347","-23.5791962313358","-17.4492145577676","-19.1435615894481","-19.1519614322185","-14.8130429693637","-19.1180597152813","-18.3126344819719","-15.3276907217401","-15.0103547636833","-13.2557258638297","-11.8661827985183","-12.3956617882383","-13.0801403848937","-16.2593532977659","-17.0684811596144","-8.45314414390879","-8.87473406412904","-11.9077335594988","-11.7242906566647","-12.5685667665946","-8.02832630350546","-9.87325426365583","-8.48330139890493","-7.16020184439183","-1.79728045766792","5.93824934608707","3.70695448310772","-3.82407049684088","-2.47222072522306","7.74683434240701","",
"Netherlands","NLD","Current account balance (% of GDP)","BN.CAB.XOKA.GD.ZS","","","","","","","","2.23690747595967","2.50473960481997","2.23030025346085","0.505205269161753","1.17475131862978","3.83441370107446","4.48102589628143","3.47937169592668","2.38437757754443","3.28091820473204","1.11105582927399","-0.57946441029442","0.194360807075478","-0.437453813918877","2.32758171395559","3.16624624261307","3.31146718139365","4.42686669489968","2.94862677145791","2.14669367203072","1.70594341471591","2.7190497431411","3.88024257725665","2.53727950744813","2.27649103804339","1.88350974641952","3.72901695535227","4.55484743526397","5.68975460228792","4.76376936918109","6.00630455392245","2.97096972527192","3.50211167072708","1.73766088925111","2.26893537254394","2.32001964022282","5.13225020681316","6.70186382151751","6.04101636574987","7.75425232709907","5.86450821149171","4.06750194753688","3.59973685634998","6.62577458654035","7.22308776759068","7.82619576758532","8.37547933230026","8.85180304004638","4.9187157948109","7.27492902578538","8.12817028557607","8.97983331472266","6.83928934055718","5.61802810313741","10.0468874909398","6.65774559718475","9.84754479203882","",
"Norway","NOR","Current account balance (% of GDP)","BN.CAB.XOKA.GD.ZS","","","","","","","","","","","","","","","","-7.53769523792199","-10.4230468475961","-12.17380973598","-4.55284093029612","-1.9713583533686","1.67395740641177","3.35986948148877","1.01962562597084","3.17454933119806","4.64376053627758","4.63242376677832","-5.74516753587734","-4.35027445597645","-3.81610538770098","0.218208260788842","3.32681988034129","4.12461565471791","3.41719782044258","2.92107412417418","2.95773731509196","3.44178231408971","6.7079936617906","6.21973147495996","0.00396060568324695","5.45536839944684","14.6268809774529","15.8091308133007","12.3875440189491","12.0747466077902","12.4402161309479","16.1196583458525","16.1172176953327","12.3514714981709","15.6834391144207","11.6422035687715","11.6594077914656","13.254644393537","12.3837606139974","10.1612781853655","10.954886718139","8.01360708862408","3.98049523650322","5.38896566318335","7.94959431636822","2.91600859889184","1.14557292891118","14.8001387979332","28.7529564185732","17.3298808213308","",
"Nepal","NPL","Current account balance (% of GDP)","BN.CAB.XOKA.GD.ZS","","","","","","","","","","","","","","","","","1.27589073107905","-0.11400462962963","-1.60462964299287","-0.614449693385327","-1.996488458588","-0.83959881309719","-3.56574459447392","-5.94853668728767","-3.68701219310803","-4.64183469143625","-4.18162701427951","-4.17053119544975","-7.78462323528647","-6.90133466974621","-7.97220238232379","-7.76258064740647","-5.33098805246592","-6.07919038622152","-8.65264352510644","-8.09774068768955","-7.22314976747943","-7.89001512904615","-1.38366225352984","-1.56303865698338","-2.37793695824869","-2.74157105052744","3.55629677532074","2.84759408801275","1.37422203617593","1.88302388576204","1.65950180353451","0.0548101106677199","5.84548564127575","0.166582495866466","-0.797465992929109","1.33775079697372","2.66070688066427","5.23137372695533","2.18298241690426","10.0433083922087","-0.68434663855188","-3.56432924017779","-8.30080510271616","-5.12963069016168","-0.251653542060189","-14.5240163530398","-7.49867255763833","0.358510890863517","",
"Nauru","NRU","Current account balance (% of GDP)","BN.CAB.XOKA.GD.ZS","","","","","","","","","","","","","","","","","","","","","","","","","","","","","","","","","","","","","","","","","","","","","","","","","49.5416353511121","67.7850531942605","49.7848772152702","30.1939047718241","34.5869703159003","48.5829941527655","26.3583785058955","-19.7926487086071","2.13759732718368","12.961263318691","7.32942552169986","4.47675032899806","2.59589265142634","3.75845295029461","1.8912535139693","1.24703031565373","",
"New Zealand","NZL","Current account balance (% of GDP)","BN.CAB.XOKA.GD.ZS","","","","","","","","","","","","","","","","","","","","","","","","","","","","","","","","","","","","","","","","","-3.30284871216653","-0.776440240634345","-2.09521936295549","-2.40599179153862","-4.50791009901217","-6.99536794869388","-7.06517341361543","-6.79701754359098","-7.70948154715551","-2.48010779620906","-2.34059485272367","-2.8657021926417","-3.90856098118256","-3.05741153614488","-3.0912993181172","-2.6179752290053","-2.12609804081912","-2.80906760923629","-4.04821394261566","-2.79306502128914","-1.12865212882116","-5.83652013150899","-8.76545636261221","-6.76716667289858","",
"OECD members","OED","Current account balance (% of GDP)","BN.CAB.XOKA.GD.ZS","","","","","","","","","","","","","","","","","","","","","","","","","","","","","","","","","","","","","","","","","","","","","","","","","","","","","","","","","","","","","","","","","",
"Oman","OMN","Current account balance (% of GDP)","BN.CAB.XOKA.GD.ZS","","","","","","","","","","","","","","","10.8883025820954","2.73405175246846","1.42485582228649","10.0971683755399","-1.80665591577939","14.6956184993129","15.7543197784418","17.034259330845","6.46891982907139","6.23380439900374","3.43299250734983","-0.101276081520764","-14.1973790061813","10.0419527882384","-3.69049465033338","3.25785325785326","8.31216538356323","-1.94077026836584","-4.21923133343113","-8.36318444330724","-5.4701307882644","-5.09164295639516","1.39466079996562","-0.919633654405099","-19.7180125156589","-2.57671691704829","14.0586857970744","9.37796465255738","8.4161151014241","5.87796132532779","3.08879459662564","14.5817585186487","13.2991735436226","5.097062703605","7.22971355183886","-0.784047994334517","7.59476361744698","11.4435714770699","8.99068507231773","5.87992091672239","4.62995815380301","-13.7629351868833","-16.5548466336002","-13.6143943671899","-4.87333794620046","-4.9181886997824","-16.5486765828436","-5.53764911438882","3.89667138645212","2.42405359925175","",
"Other small states","OSS","Current account balance (% of GDP)","BN.CAB.XOKA.GD.ZS","","","","","","","","","","","","","","","","","","","","","","","","","","","","","","","","","","","","","","","","","","","","","","","","","","","","","","","","","","","","","","","","","",
"Pakistan","PAK","Current account balance (% of GDP)","BN.CAB.XOKA.GD.ZS","","","","","","","","","","","","","","","","","-5.69556436292968","-4.8294849245496","-4.01359263625061","-5.64338305335562","-3.66146337714972","-3.24682449425173","-2.58632587353654","0.150761542164496","-3.80048637214436","-3.42647654062989","-1.99398424722894","-1.66801834551223","-3.69691808527703","-3.33082801461705","-4.15244201309876","-2.77569478723708","-3.83779241680643","-5.59847609574865","-3.46530848690822","-5.52270880088959","-7.00574971079085","-2.74152798261064","-3.61461538001894","-1.46092369568391","-0.0854401858342493","1.93318034244488","3.93573326208505","3.17962013910419","-0.617928012719509","-2.48346235681318","-4.16812395772995","-4.50796175781862","-7.74194351471585","-2.13167355660601","-0.688324235118166","-0.957124213324854","-0.936399348037174","-1.70727876868057","-1.34787339235798","-0.934446742353906","-2.29279660651385","-4.76985760466006","-5.29556175645778","-2.66677325730292","-0.216650637871501","-3.52439577565177","-3.25858181478804","-0.244214768763813","",
"Panama","PAN","Current account balance (% of GDP)","BN.CAB.XOKA.GD.ZS","","","","","","","","","","","","","","","","","","-5.67513282787158","-6.40148709288222","-8.39507809798087","-7.1238371262402","-10.2442899333192","-3.36408679454853","3.35429081404249","-3.27166966467294","1.14805172641068","-1.45487514243875","7.98076613392282","12.221353065403","1.88393290441391","3.2499389567898","-3.40793015877548","-3.28511447610562","-1.08965635563305","0.169775846124911","-4.9154915141079","-2.18102667057483","-5.03735296138693","-9.21997077977095","-9.93764973794723","-5.84047277996226","-1.55881384647494","-0.88353498802068","-4.22833726958796","-6.92308555260918","-6.40102245039669","-2.48020850686329","-5.43158096330884","-8.89223138089915","-0.763910452207457","-10.3251596675923","-12.6581291367517","-8.97959013521379","-8.69870883492861","-12.9838146887401","-8.69390485131528","-7.54284607111912","-5.82244596474605","-7.884192985624","-5.05023173163902","0.675537934000576","-1.1555200892392","-0.622928866140088","-4.48721721694321","",
"Peru","PER","Current account balance (% of GDP)","BN.CAB.XOKA.GD.ZS","","","","","","","","","","","","","","","","","","-6.34379826862785","-1.54420351696589","4.57251743272507","-0.557429012722973","-7.98108550083051","-7.38176189391628","-5.02732671856448","-1.32104329424611","0.676449233400277","-6.37463472368434","-5.59890601138475","-11.7797906974204","-2.53538308021229","-5.37288606183094","-4.3795451250649","-5.24379733033856","-7.07477935578996","-6.01858298886919","-8.67435304434383","-6.59496815056513","-5.79223945664172","-6.0105968864009","-2.74952502384786","-2.9874113727773","-2.31175794610238","-2.02693936398421","-1.61504289543387","0.0288861085400799","1.50881026119421","3.24050716695869","1.42931463476859","-4.41112077807089","-0.598288729210879","-2.41611244249563","-1.96422212136988","-2.79147705040979","-4.7657988022505","-4.2824745585632","-4.60845775233445","-2.20406789294844","-0.857819433900692","-1.17201548545427","-0.623492995809212","0.938341730002029","-2.06502617018971","-3.9528164279387","0.829344941528944","",
"Philippines","PHL","Current account balance (% of GDP)","BN.CAB.XOKA.GD.ZS","","","","","","","","","","","","","","","","","","-3.38372878226617","-4.24652769150557","-4.79206163591047","-5.16716190791208","-5.08896567960587","-7.58185837353019","-7.33861277638986","-3.62158767735571","-0.10297045051637","2.80105391342831","-1.17486771670517","-0.903779279057262","-3.00120952944866","-5.33575810861436","-1.99675016579611","-1.65501732404596","-4.86165174206389","-4.03229461116698","-2.33919983744538","-4.17652404044575","-4.62349405712408","2.07537904684556","-3.35706942771647","-2.66284885676653","-2.21740069327136","-0.334490425515421","0.327439073939328","1.71049031113279","1.8529075905422","5.4545225788942","5.17497335468166","0.0792959465366613","4.80078349700448","3.44540917722718","2.40919069908821","2.65327822076163","4.00964958379015","3.61563913350118","2.37094985952193","-0.376262661570348","-0.652387929430577","-2.55939306315271","-0.808557862517338","3.20065009232564","-1.50797765976295","-4.51605763317135","-2.83353281449545","",
"Palau","PLW","Current account balance (% of GDP)","BN.CAB.XOKA.GD.ZS","","","","","","","","","","","","","","","","","","","","","","","","","","","","","","","","","","","","","","","","","","","","","","-20.7170868264706","-25.1896671616321","-18.0137000025627","-17.0127249616517","-3.23332047403107","-9.92627534071103","-12.743853807435","-15.9825116313334","-12.9629960003294","-19.9022950383968","-8.69575927867609","-16.5699316346181","-23.4170168067227","-18.778963210083","-29.7402054725436","-44.638643716531","-49.0933502542983","-52.9862033027857","","",
"Papua New Guinea","PNG","Current account balance (% of GDP)","BN.CAB.XOKA.GD.ZS","","","","","","","","","","","","","","","","","3.35905249036014","6.96583175372706","-1.65194238127387","4.66365658102383","-11.3410645500268","-19.3872385945672","-18.7766660737937","-13.1665014634039","-11.342973461573","-5.02418007846705","-3.70461190024242","-6.29430865088511","-8.10587100563077","-8.81704901407699","-2.35026712017846","-3.98899067197516","2.17092948220248","12.9825853243472","10.3379652434895","14.5331456032702","6.07669181615827","-2.0058122434283","1.24749695919347","3.45089237039666","9.95921732839908","9.28741777969625","-0.83771505987784","4.01861390427821","4.79140919548254","13.3520776079467","5.27638088337678","1.89447675578744","6.81299167765164","-5.09167321110672","-4.50849152932172","-1.10018483437862","-10.7881600289653","-16.2256819496775","12.1393177239905","11.2064023719229","13.6287612457148","15.9024612947226","13.6302697156748","14.3799231035246","14.3372352654053","12.5772553471443","14.4322078264296","13.612170248963","",
"Poland","POL","Current account balance (% of GDP)","BN.CAB.XOKA.GD.ZS","","","","","","","","","","","","","","","","","","","","","","","","","","","","","","","4.64853694341554","-2.50991404542249","-3.29032970311139","-6.02645744303895","0.57218339303966","0.59787790958511","-2.02968632371393","-3.59238073994115","-3.93707818430142","-7.31498200628172","-5.98021918224644","-3.09972932809545","-2.77624121851834","-2.50410381576022","-5.96912639653316","-3.30488692842897","-4.64906335604984","-6.68396289819493","-6.74648774312839","-3.94518857698649","-5.16657584018312","-5.11055687403888","-4.11182485634079","-1.98155143805472","-2.97288032663133","-1.3254755565429","-1.06875807090352","-1.18631982461877","-1.96597240687912","-0.272945793712772","2.39835922164097","-1.30156521580162","-2.27455866454271","1.79621693846398","",
"Pre-demographic dividend","PRE","Current account balance (% of GDP)","BN.CAB.XOKA.GD.ZS","","","","","","","","","","","","","","","","","","","","","","","","","","","","","","","","","","","","","","","","","","","","","","","","","","","","","","","","","","","","","","","","","",
"Puerto Rico","PRI","Current account balance (% of GDP)","BN.CAB.XOKA.GD.ZS","","","","","","","","","","","","","","","","","","","","","","","","","","","","","","","","","","","","","","","","","","","","","","","","","","","","","","","","","","","","","","","","","",
"Korea, Dem. People's Rep.","PRK","Current account balance (% of GDP)","BN.CAB.XOKA.GD.ZS","","","","","","","","","","","","","","","","","","","","","","","","","","","","","","","","","","","","","","","","","","","","","","","","","","","","","","","","","","","","","","","","","",
"Portugal","PRT","Current account balance (% of GDP)","BN.CAB.XOKA.GD.ZS","","","","","","","","","","","","","","","","-3.9007505530448","-6.30340941853927","-4.46177336687468","-1.97019776506817","-0.203001564466864","-3.23453303818424","-14.6533746946924","-10.6731010728771","-5.99244121749374","-2.47122277905245","1.40133182328916","3.00815829546084","0.903181066959785","-1.89146081029746","0.252413720817631","-0.230455705701948","-0.802786937062783","-0.171236849197464","0.245135265861298","-2.20261544389875","-0.111582055664553","-4.0005138112894","-5.66728405930872","-6.76039275351895","-8.85368265057396","-10.8233299998961","-10.4344116184086","-8.31755894208286","-6.66692325748196","-7.98339399989491","-9.60021052870914","-10.2302140524554","-9.65792414363096","-11.859800223599","-10.3235445210729","-10.2611634070617","-6.11854777822696","-1.52721549957903","1.53973827822347","0.315317528197346","0.508297093307308","1.42555528145605","1.56389644169824","0.7276825303456","0.765771121812592","-0.629832722737585","-0.672210743652409","-2.08477768135412","0.561731143094815","",
"Paraguay","PRY","Current account balance (% of GDP)","BN.CAB.XOKA.GD.ZS","","","","","","","","","","","","","","","","-4.77696270196756","-4.03187757218467","-2.80093470706948","-4.41040236620347","-6.02614549120354","-6.22739575954709","-6.64057153419906","-6.91587973515684","-4.36963038226604","-7.04947522268641","-7.66805461171508","-9.79861958976583","-12.3342856620109","-4.9392770538631","5.37230741995177","6.7118429696366","1.21843526699717","-0.800567351484838","0.815224855768091","-3.48241172235135","-2.39891387766325","-0.707053011808278","-5.50597618386607","1.42468424398124","1.56971889454463","-2.79049501871093","-0.375729695210563","8.61307588678674","0.221163990286845","-0.101927990310014","-0.628692309199553","1.24447680615271","4.36238494214342","0.359539923687396","1.74082621108971","-1.13186238216126","-0.677611879362919","-1.8192171071173","0.869670699189852","-0.786984268884853","-0.211443868847551","4.60142654296843","3.35657585005266","-0.232847914321805","-0.577796386359664","1.87300921514449","-1.10846909700613","-7.15542769879496","-0.566372055431578","",
"West Bank and Gaza","PSE","Current account balance (% of GDP)","BN.CAB.XOKA.GD.ZS","","","","","","","","","","","","","","","","","","","","","","","","","","","","","","","","","","","","-29.9652735469721","-41.7761614265603","-41.1603010798447","-25.5251324573607","-27.9029137526112","-19.8583877091309","-20.6776260427205","-13.6551918587104","-26.9797547641018","-34.4972336341483","-26.6372592440418","-23.0633352516594","-7.19650679252473","5.20627128726086","-14.1407042757884","-13.4993932332553","-18.500705760576","-14.917075141058","-14.7723926183376","-13.5869104014545","-13.8789175930847","-13.90776226662","-13.2065607876551","-13.1500305467431","-10.3854804313719","-12.251111498554","-9.81804738509636","-10.6265229873781","-16.6201865252463","",
"Pacific island small states","PSS","Current account balance (% of GDP)","BN.CAB.XOKA.GD.ZS","","","","","","","","","","","","","","","","","","","","","","","","","","","","","","","","","","","","","","","","","","","","","","","","","","","","","","","","","","","","","","","","","",
"Post-demographic dividend","PST","Current account balance (% of GDP)","BN.CAB.XOKA.GD.ZS","","","","","","","","","","","","","","","","","","","","","","","","","","","","","","","","","","","","","","","","","","","","","","","","","","","","","","","","","","","","","","","","","",
"French Polynesia","PYF","Current account balance (% of GDP)","BN.CAB.XOKA.GD.ZS","","","","","","","","","","","","","","","","","","","","","","","","","","","","","","","","","","","","","","","","","","","0.152944141111643","-2.41927473004379","3.33918047231439","0.153096372292576","2.71856320416727","4.09227840409068","-6.03579073273941","-2.5963824275816","-0.294406118669795","2.82663363720287","1.37240717988221","3.27354524979354","4.29649738932559","5.46732880455944","7.49427461409959","","","","","","","","",
"Qatar","QAT","Current account balance (% of GDP)","BN.CAB.XOKA.GD.ZS","","","","","","","","","","","","","","","","","","","","","","","","","","","","","","","","","","","","","","","","","","","","","","","","","","","","31.0675119241216","33.1847245628586","30.4240457483909","23.9592611415734","8.50181028353526","-5.45006694867961","3.98856887721847","9.08293669883969","2.41529709782418","-2.06750647355623","14.6435967830201","26.7778361985376","17.1136863386523","",
"Romania","ROU","Current account balance (% of GDP)","BN.CAB.XOKA.GD.ZS","","","","","","","","","","","","","","","","","","","","","","","","","","","","5.3667731629393","9.70203033838973","6.065025","-8.50766056649959","-3.50772176596034","-5.99482518410403","-4.45352169616387","-1.42321276155065","-4.73949323312222","-6.96048631418109","-5.91423004615668","-6.99585947248816","-3.60747182475184","-3.63721875382544","-5.51799372952363","-3.31050332793727","-5.72774106022585","-8.5123232185601","-8.67463205439942","-10.6661036918406","-13.7032326042104","-11.658522565437","-4.72925693261462","-4.98543687917279","-4.81588301986923","-4.5780429237629","-1.13746709997941","-0.341464408053706","-0.637491637323504","-2.10324885883263","-3.19415712159883","-4.57574630656688","-4.83888471153027","-5.11170596373103","-7.17641506065995","-9.22066575659504","-6.97326015106598","",
"Russian Federation","RUS","Current account balance (% of GDP)","BN.CAB.XOKA.GD.ZS","","","","","","","","","","","","","","","","","","","","","","","","","","","","","","","","","","","2.26332668866148","1.88045783512905","2.57898342400441","-0.206268282708236","0.026225709921156","11.6664565462153","17.4742424828314","10.4545347443772","7.9523289090993","7.69799200510312","9.90832254287658","11.0454169715192","9.32544491399994","5.55457619335894","6.25797161157479","4.12086933736946","4.4233366535099","4.75452652542426","3.22793090052757","1.45817388483059","2.79290979175164","4.97088857375125","1.91643731021353","2.04412673615753","6.97989872935135","3.87612476973049","2.36911533657246","6.77842857565971","10.4912490569379","2.48008562206929","",
"Rwanda","RWA","Current account balance (% of GDP)","BN.CAB.XOKA.GD.ZS","","","","","","","","","","","","","","","","","","","","","","","","","","","","","","","","","","","","","","","","","","","","","","","","","","","-6.51687014325837","-6.92834416704242","-9.68045775900612","-7.48220361390479","-11.3438930759343","-12.6837777141814","-15.3051258052923","-9.46048131401367","-10.114250948548","-11.8932236858243","-12.064812216896","-10.924027530399","-9.36031324294925","-11.7303701619048","",
"South Asia","SAS","Current account balance (% of GDP)","BN.CAB.XOKA.GD.ZS","","","","","","","","","","","","","","","","","","","","","","","","","","","","","","","","","","","","","","","","","","","","","","","","","","","","","","","","","","","","","","","","","",
"Saudi Arabia","SAU","Current account balance (% of GDP)","BN.CAB.XOKA.GD.ZS","","","","","","","","","","","","13.5248304702734","21.6197313008245","16.8579884104886","50.7021635712494","30.7542653753154","22.4351597832874","16.1631379552661","-2.75588125508464","9.12384579694958","25.2237497969167","21.5025798318789","4.94352188693711","-13.0462971369527","-15.3818646007808","-12.4464531221632","-13.5524803220982","-11.3891147941458","-8.30613267820207","-9.99044244978738","-3.52517261600742","-20.8052194236662","-12.9234890422041","-12.9691395981645","-7.74759220117338","-3.71007215329781","0.428246585132839","0.183815312865695","-8.94699931687039","0.254139328110495","7.55444425839441","5.07959598329365","6.26198626765415","12.9967291873384","20.0686191554423","28.1246392357311","27.3530143392971","23.8969206399043","26.8842434338143","6.60295403816131","14.0881886013289","24.383882084584","23.4095849519027","18.9779926660548","10.4695042638399","-7.86281622610283","-3.67180807394518","1.69587571441748","8.61769056124221","4.58535509505622","-3.47926474073661","4.63688719545091","13.5628144844014","3.29091687721662","",
"Sudan","SDN","Current account balance (% of GDP)","BN.CAB.XOKA.GD.ZS","","","","","","","","","","","","","","","","","","-1.18053722048488","-1.33933240999377","-3.04598767480107","-3.53012383693503","-5.99616665639829","-2.79521644599392","-2.59704654099343","0.349211416301136","1.9047457359522","-0.209389972060702","-1.89658915143538","-2.49069316427513","-0.696130028867559","-1.10651646908535","-2.16146427982124","-7.19802492628453","-2.27688064927354","-4.70305987575492","-3.61450926720081","-9.1674698509357","-7.08918356865189","-8.50205479843779","-4.03575038645252","-4.22360581869545","-3.32074310136626","-5.36777365828637","-4.39506852023541","-3.07074148971241","-7.02825381106123","-14.3510830891701","-6.05172200816878","-5.54326957101499","-9.54372816963053","-2.92618988919934","-4.82188496528231","-16.6318777556219","-13.5321488136858","-7.16013618473832","-10.5569345811594","-9.88346111101847","-11.1697054533751","-14.4693934170139","-14.7808388986177","-21.6064794369516","-7.65468962500371","-8.59889945377348","","",
"Senegal","SEN","Current account balance (% of GDP)","BN.CAB.XOKA.GD.ZS","","","","","","","","","","","","","","","-3.12476882412766","-3.02511381163798","-3.22217358439664","-2.27986796997235","-7.17123474414301","-6.45546302352957","-8.56024152329501","-11.2679180058061","-6.61708632233139","-8.52767077172525","-7.8168387203936","-9.41534129665146","-6.83923615299238","-6.62448960007079","-6.30343200881929","-5.46528166361477","-4.91527068918185","-5.12374526804463","-5.16481739570848","-5.87632495790797","-3.72349006876092","-3.86419721134813","-3.06028361139743","-3.05919124475018","-3.80375176727342","-4.85800602014771","-5.54079842355363","-3.77513794796373","-4.54340089477443","-4.98969389328599","-5.07447589904161","-6.14150322696352","-7.36865431598263","-9.37907093301321","-11.2220760727631","-5.30915741099426","-3.65650876220736","-6.44529936745546","-8.65191854670285","-8.19227245767784","-6.80294523804886","-5.31619475400192","-4.178756111634","-7.26914082739769","-9.58292425612148","-8.10949609772066","-10.8532305243561","-12.0900482268387","-20.0668972619486","-19.6828748022512","",
"Singapore","SGP","Current account balance (% of GDP)","BN.CAB.XOKA.GD.ZS","","","","","","","","","","","","","-18.1864437630157","-14.0372874291391","-19.5611750546719","-10.3674408279415","-8.9680890229879","-4.45948103719695","-6.01956905598569","-7.9142496584868","-13.1358046716662","-10.368009979278","-8.05910345833412","-3.43279404719149","-1.94886737000521","-0.0189810743321321","1.71480429367363","-0.519344689052203","7.63423434751461","9.7279605415254","8.63724140435271","10.7339641366336","11.3460660380192","6.94851439736299","15.4701578956137","16.4967504477224","14.627347115363","15.5698355478412","21.7915511543613","17.2038802401523","11.0715031927897","14.4329302808565","14.8770537568056","24.3020823146558","19.3111213606956","23.2604773041195","26.8933813503311","27.1433325306869","15.0834356181601","16.3930632928178","22.9333472183785","22.2184518342372","17.6432739045995","15.707187590209","17.9502135491878","18.6930222903094","18.0392463471499","18.6260950135482","15.7021310963339","15.3540131622503","17.4848519172132","19.9108522556576","18.8115123045876","17.8297603314757","",
"Solomon Islands","SLB","Current account balance (% of GDP)","BN.CAB.XOKA.GD.ZS","","","","","","","","","","","","","","","","-16.842112612654","2.05882269073586","6.19047847862648","2.98968958097065","6.79389060473912","-6.65631276796743","-13.7014586004962","-12.971899860552","-7.49487626045501","0.735074545417056","-16.8092036273209","-1.59483235123974","-2.76090454388768","-15.7800578939866","-19.2200422424747","-12.9191580663335","-15.7515879073781","0.48238029796377","-2.54511529723485","-0.852263556089584","1.77624714752846","2.85567709426958","-7.19916830125427","1.77441432624841","4.40043214690361","-9.75872166781306","-15.8332825110055","-19.5076486144732","-9.55786143655525","-4.04304999537358","-16.3153968522639","-6.83312757755056","-11.530483560154","-10.2526974566682","-7.39710016308987","-16.050570178358","-1.76448181407241","2.22664220100674","-2.99759976580723","-3.71115377219683","-2.75805796717988","-3.53779116137824","-4.27498999015075","-2.95981146196371","-9.51098244742117","-1.63132631148554","-5.13474114732006","-13.9516929510842","-10.9101157275012","",
"Sierra Leone","SLE","Current account balance (% of GDP)","BN.CAB.XOKA.GD.ZS","","","","","","","","","","","","","","","","","","-7.13636656666551","-11.6310950477918","-16.1183194110564","-14.9791022784096","-11.8171217877612","-13.1140219587348","-1.76962833115174","-2.11738137539715","0.327299216701344","28.7124508229811","-4.59710646458352","-0.269206507597222","-6.40339698170487","-10.6838167066033","1.96620139136937","-0.805910639025601","-7.5135055800339","-9.77325940421678","-13.5594900768471","-15.9819021015799","-6.45379387864909","-4.94309572568763","-14.8361767452952","-17.658489136383","-5.82077950944332","-3.78669108728341","-3.86532717048741","-4.42616764883846","-4.12285133599244","-3.26191335965638","-4.81336895088325","-5.8776785442258","-8.64086910855647","-14.5122684691414","-41.7151434822152","-20.4162828250865","-9.5762775850755","-6.02552076426269","-15.0801915545255","-4.86340760211655","-11.680321040579","-9.25504556429235","-7.78800790188033","-5.83703102745449","-7.29657128553341","-6.35040642174422","-9.45681062756132","",
"El Salvador","SLV","Current account balance (% of GDP)","BN.CAB.XOKA.GD.ZS","","","","","","","","","","","","","","","","","1.01534175376924","1.2700397985464","-8.91059987979386","0.930812697936642","0.94908731348664","-7.28849020781507","-3.53143048146395","-0.79284776028208","-1.46708478400945","-0.754663639732212","3.09824627527765","3.43098606893331","0.615769425377338","-4.44717349577913","-3.14984163467256","-3.18836063436411","-1.87429806480166","-1.22473345675386","-0.23421850941335","-2.93184061861952","-1.76340996059416","-0.956383843468498","-0.829238100118753","-2.12066485546114","-3.65297107423069","-1.22368889754147","-3.19917807931234","-5.30205130807915","-4.67674940955736","-4.22907878622942","-4.78478289538241","-7.15129248901495","-8.51825968802834","-1.77368032991474","-2.88821622788294","-5.48105199392229","-5.79721503254672","-6.90474689247509","-5.3713869873012","-3.2159293549397","-2.27403286613894","-1.85990733613607","-3.30179306522223","-0.421693578525018","1.11030429654712","-4.30553038660689","-6.82165878501212","-1.36904279807399","",
"San Marino","SMR","Current account balance (% of GDP)","BN.CAB.XOKA.GD.ZS","","","","","","","","","","","","","","","","","","","","","","","","","","","","","","","","","","","","","","","","","","","","","","","","","","","","","","","","","","-0.391282695967683","-1.8872752884789","2.03446629723337","2.7823596967632","5.39603170026162","15.5187024540628","","",
"Somalia","SOM","Current account balance (% of GDP)","BN.CAB.XOKA.GD.ZS","","","","","","","","","","","","","","","","","","","","","","","","","","","","","","","","","","","","","","","","","","","","","","","","","","","","","","","","","","","","","","","","","",
"Serbia","SRB","Current account balance (% of GDP)","BN.CAB.XOKA.GD.ZS","","","","","","","","","","","","","","","","","","","","","","","","","","","","","","","","","","","","","","","","","","","","","","","","-16.7617294107286","-19.4339264115955","-5.96184093250949","-6.18385847336539","-9.92802601945114","-10.4794350040675","-5.53788697865576","-5.36439658261537","-3.31781960336985","-2.81825710129299","-5.05239948291626","-4.65847286841161","-6.56331526088246","-3.89586001943546","-4.01208394283306","-6.67240065379081","-2.39368330844907","",
"Sub-Saharan Africa (excluding high income)","SSA","Current account balance (% of GDP)","BN.CAB.XOKA.GD.ZS","","","","","","","","","","","","","","","","","","","","","","","","","","","","","","","","","","","","","","","","","","","","","","","","","","","","","","","","","","","","","","","","","",
"South Sudan","SSD","Current account balance (% of GDP)","BN.CAB.XOKA.GD.ZS","","","","","","","","","","","","","","","","","","","","","","","","","","","","","","","","","","","","","","","","","","","","","","","","","","","","","","","-5.65945565697319","-4.169014055128","-5.76700049530002","8.30684638743949","-9.0382483224269","-4.15741601037528","-35.0491711578272","-0.13161314202058","-11.7319125163085","13.6100823263813","",
"Sub-Saharan Africa","SSF","Current account balance (% of GDP)","BN.CAB.XOKA.GD.ZS","","","","","","","","","","","","","","","","","","","","","","","","","","","","","","","","","","","","","","","","","","","","","","","","","","","","","","","","","","","","","","","","","",
"Small states","SST","Current account balance (% of GDP)","BN.CAB.XOKA.GD.ZS","","","","","","","","","","","","","","","","","","","","","","","","","","","","","","","","","","","","","","","","","","","","","","","","","","","","","","","","","","","","","","","","","",
"Sao Tome and Principe","STP","Current account balance (% of GDP)","BN.CAB.XOKA.GD.ZS","","","","","","","","","","","","","","","9.95465436928514","-0.239380162623182","-1.01666053229792","16.4530064602937","10.3008697370392","13.2301437217362","0.827607580716013","-22.0002513922913","-31.0614468344502","-11.7648575849431","-14.0800743140886","-19.2561062172055","-16.2509595219223","-11.1932183986857","-10.8808365317215","-11.5360372356877","-10.0923735404586","","","","","","","-6.853428204033","-14.5005148243491","-22.359817347003","-26.3530521883155","-35.5295840568537","-31.2249951011705","-27.7539600682048","-32.3272461423146","-26.5288051595619","-40.3849806309735","-43.1433732431771","-49.7318439586792","-39.2591791041684","-46.0873607998782","-46.7031436146436","-43.1048517717609","-30.4299465368537","-35.4587784381715","-26.4207009685278","-21.0403152023302","-22.7156290253769","-19.5798259962622","-21.799320591176","-12.64674361519","-18.1632158527971","-14.688595567935","","",
"Suriname","SUR","Current account balance (% of GDP)","BN.CAB.XOKA.GD.ZS","","","","","","","","","","","","","","","","","","","","","","","","","","","","","","","","","","","","","","","","","","","","","","-8.17994588487446","8.3993924507355","11.0501488649051","9.21887502577851","2.87195431472081","14.8990514000174","9.7530323873173","3.26046699609317","-3.80907333945483","-7.94454297839106","-15.3413674981336","-4.83755000193214","1.92551128292716","-2.97065426623087","-11.1616172949162","8.92387981171874","5.66881725385778","2.01288430178227","4.28281782874234","",
"Slovak Republic","SVK","Current account balance (% of GDP)","BN.CAB.XOKA.GD.ZS","","","","","","","","","","","","","","","","","","","","","","","","","","","","","","","","","","-3.46331514868092","3.28266941432295","1.48984665925464","-7.41341151718473","-7.04361138056783","-7.09378256454289","-3.78763630330513","-2.37631731698758","-5.67076091009313","-5.54699259401508","-0.604808583485322","-7.61884083063467","-8.1939773177366","-7.70650507752626","-5.35060934129179","-6.21877842791479","-3.38105508330995","-4.6203044518302","-4.92376770602968","0.938943103720465","2.91051144201471","1.77620820872982","-2.05103816352739","-1.41742583384371","-1.71807692688754","-1.59262375291934","-3.51259174873163","-0.437071238574067","-4.78961916349394","-9.59769039750434","-1.67789244355586","",
"Slovenia","SVN","Current account balance (% of GDP)","BN.CAB.XOKA.GD.ZS","","","","","","","","","","","","","","","","","","","","","","","","","","","","","","","","","6.8521543659339","1.32186349181442","3.49983630377216","-0.35053362750793","0.257560310756861","0.243644981984294","-0.535844572045627","-3.08319417422173","-2.71588283528864","0.151435477403197","1.05020145982641","-0.734658635827973","-2.61296856216983","-1.89301545547915","-1.77091456240672","-4.20761971530098","-5.30803970003451","-1.02930810163582","-0.686229865264753","-0.772202643426759","1.40334115378876","3.51650748197892","5.32786784003455","4.11844607611057","5.29223433710436","6.82058845826205","6.52066143026877","6.45290585431634","7.67395367082141","3.36842854821461","-1.03019750160202","4.47248441339547","",
"Sweden","SWE","Current account balance (% of GDP)","BN.CAB.XOKA.GD.ZS","","","","","","","","","","","-0.665728817264082","0.87892857652671","1.19842934787778","2.44727935929316","-0.803035120393221","-0.372212030281684","-1.7956317808261","-2.24776674296565","-0.183106202482281","-1.90642341221929","-3.0524907709267","-2.14480603080765","-2.8761877326488","-0.691234664938199","0.674865192290621","-0.886541832780869","0.0215378065274553","-0.0116469792070347","-0.25834247075913","-1.42494462773378","-2.42431842473216","-1.69923104457948","-3.10923424959182","-1.95594999686348","0.324713024138658","1.84995878552384","2.01822576303955","2.76072271462564","3.52449760176757","3.92892078441268","4.44602906629136","6.17153895517195","4.65735916876795","5.85856760628162","5.95565227135175","6.02091428608613","8.15771409681235","8.14763877183431","7.92880401124684","5.96761997158493","5.92503947637938","5.51025822994298","5.53301807097919","4.33477452937431","3.25046610689162","2.59383978182218","1.84679598887557","2.07432570613665","2.19206475154498","5.32712064769757","5.7975833223945","6.70313387861944","4.72576156484506","6.97807095420788","",
"Eswatini","SWZ","Current account balance (% of GDP)","BN.CAB.XOKA.GD.ZS","","","","","","","","","","","","","","","16.09131394663","17.8705500034326","11.1392377118327","3.81996878449977","-20.7629927655374","-28.9344069411665","-23.9274203573303","-14.234379047851","-21.1752645195079","-19.2662033338852","-15.6682606279499","-10.6504672925073","2.3959859290464","11.2250885515662","13.7418195861256","11.0570057125324","4.55259231829368","4.0814985358133","-3.15761879391608","-4.69230198926611","0.129989761643896","-1.74925944187271","-3.24211594984","-0.159647506239686","-5.91886464673935","-2.12921733088375","-2.63874250374091","0.583532063806403","2.31850468098537","4.06812161252617","2.57392751478771","-3.22978330569107","-5.97401487393641","-1.88916844609915","-7.01973686213448","-11.5716123271094","-8.74814249319525","-5.8442028934161","4.91018584462683","11.0226707628731","12.047539811251","13.7519336554713","8.02557916075404","6.14751617904165","1.30340249223708","3.83354009105268","6.59907530715042","2.64513343871852","-3.00236156588613","2.42037953381641","",
"Sint Maarten (Dutch part)","SXM","Current account balance (% of GDP)","BN.CAB.XOKA.GD.ZS","","","","","","","","","","","","","","","","","","","","","","","","","","","","","","","","","","","","","","","","","","","","","","","","","","","","-0.482155645738833","9.39570465234884","0.422119060622617","-8.13613939959859","1.28485944638437","-1.86269692206363","3.48114676740387","5.93015272305455","-11.7225151374585","-23.4917218241245","-23.0189555338875","-3.70725232653415","-7.16884829145813","",
"Seychelles","SYC","Current account balance (% of GDP)","BN.CAB.XOKA.GD.ZS","","","","","","","","","","","","","","","","","-7.90492175907289","-2.89943215292738","-4.65702779624244","-9.63674857603958","-9.96457910398501","-11.4772469155829","-25.8514856052342","-16.6878851439765","-8.25424428996999","-10.6856711888822","-15.0552771095238","-7.96084271455492","-9.40807818957245","-12.2262606235245","-3.30912379866117","-2.05103945604504","-1.49612461807546","1.71088181856887","6.06398546042857","0.261751917899548","-9.79337791202402","-11.0348966495093","-16.4185652854264","-17.6156832289782","-6.56104546972391","-23.1184684109926","-13.645650344015","-1.2468218160317","-6.75447656002783","-17.8003425507563","-12.3693581655909","-18.0086154122811","-26.8423661578652","-22.2660045596964","-21.8405252938197","-28.452136390485","-14.8074270420075","-11.8972428115469","-22.3701856914691","-17.8847188907867","-2.61384777681389","-2.20368065340164","-2.34133369670356","-2.842387489846","-12.5301883307748","-10.7699576448461","-6.88290172207539","-7.24715426737782","",
"Syrian Arab Republic","SYR","Current account balance (% of GDP)","BN.CAB.XOKA.GD.ZS","","","","","","","","","","","","","","","","","","-2.16670677081405","-0.687855753496557","9.02143736850208","1.92077725765555","-1.98476610365325","-1.53322957492586","-4.79837797273881","-4.53634493376868","-5.83715470111145","-3.79141064513224","-2.62323305562516","-1.42383858412122","12.4058753913027","14.3176031713798","5.38290688269505","0.414982658827328","-1.48218868581649","-7.81464569325095","2.30768422435308","0.290074501669665","3.17816325517826","0.381557706807819","1.26623138792712","5.60277264672687","6.03349561810581","6.96683485502976","3.44509352863578","2.35779952655753","1.03607317393746","2.72518888973844","1.13572801041147","0.897965594485587","-1.90259143615813","-0.598441929825769","","","","","","","","","","","","","","",
"Turks and Caicos Islands","TCA","Current account balance (% of GDP)","BN.CAB.XOKA.GD.ZS","","","","","","","","","","","","","","","","","","","","","","","","","","","","","","","","","","","","","","","","","","","","","","","","","","","","","","","12.8234206601412","16.3000886180621","23.9314905056886","3.40310184293133","15.300944527611","","","","","","",
"Chad","TCD","Current account balance (% of GDP)","BN.CAB.XOKA.GD.ZS","","","","","","","","","","","","","","","","","","-3.04918558992892","-4.16887788526407","-0.154465559686596","1.19128189506728","2.67348727956021","2.22025609736238","4.5620283850266","0.984206714291869","-8.44479951764772","-5.5600974872436","-2.19448360509664","1.72041905063907","-3.57661020245615","-2.62378989206359","-3.49331969967201","-4.55341511080141","-7.97127033243566","-3.19913740022973","","","","","","","","","","","","","","","","","","","","","","","","","","","","","","",
"East Asia & Pacific (IDA & IBRD countries)","TEA","Current account balance (% of GDP)","BN.CAB.XOKA.GD.ZS","","","","","","","","","","","","","","","","","","","","","","","","","","","","","","","","","","","","","","","","","","","","","","","","","","","","","","","","","","","","","","","","","",
"Europe & Central Asia (IDA & IBRD countries)","TEC","Current account balance (% of GDP)","BN.CAB.XOKA.GD.ZS","","","","","","","","","","","","","","","","","","","","","","","","","","","","","","","","","","","","","","","","","","","","","","","","","","","","","","","","","","","","","","","","","",
"Togo","TGO","Current account balance (% of GDP)","BN.CAB.XOKA.GD.ZS","","","","","","","","","","","","","","","16.6498882236096","-8.65955588899924","-2.80901559660612","-7.95053691477447","-18.6740580106347","-16.8932270740372","-5.91944010755074","-3.24893449437154","-7.48372634309313","-4.01160009502239","2.58175381502598","-2.54714631101484","-3.76704069149266","-3.4317356344492","-4.4772809417945","-2.6608319955653","-3.66352702721284","-6.22158219714276","-5.80034578751872","-4.73245523551368","-4.0604253499812","-6.59580508528401","-7.43684829762115","-5.52268507704884","-6.25067363890598","-5.71132962319834","-6.64451964783898","-8.08590195490082","-5.81784745652387","-5.43138096608201","-6.49399507558124","-6.33089706237215","-5.31324873611491","-5.74598286024793","-4.86721038634742","-3.75655261598738","-4.21167550941686","-5.57134245747162","-5.4330212905541","-9.4394411347699","-7.17107850784041","-8.0102115497044","-7.19180252354326","-1.51302493622226","-2.6297295084107","-0.792877888994647","-0.280228713572482","","","","",
"Thailand","THA","Current account balance (% of GDP)","BN.CAB.XOKA.GD.ZS","","","","","","","","","","","","","","","","-4.07385436872153","-2.58903315468796","-5.54845097239972","-4.8017006388842","-7.62365474778838","-6.41760937351162","-7.37859827948832","-2.74154581405456","-7.17598139741585","-5.04473682843697","-3.95191178385392","0.573195819665886","-0.725191684731852","-2.68272079375587","-3.4573113672505","-8.53154931493565","-7.7075114905911","-5.65567692212437","-4.93050710851373","-5.49408768770675","-8.02329369982962","-8.02658256605427","-2.01164910932919","12.5290469721115","9.81128061226542","7.36845240260665","4.24027233043999","3.46550516817668","3.13356400154558","1.59597338993786","-4.036464315232","1.04380762367254","5.92665423116422","0.319466151466348","7.8765595025476","3.36732467219253","2.54217096328341","-1.23233637957653","-2.10153458942232","2.8582840987004","6.91581517168622","10.5083543932086","9.63103019182142","5.61986314598972","7.03272640328298","4.18282861454669","-2.11799444006618","-3.46252016627717","1.43923468240437","",
"Tajikistan","TJK","Current account balance (% of GDP)","BN.CAB.XOKA.GD.ZS","","","","","","","","","","","","","","","","","","","","","","","","","","","","","","","","","","","","","","","","","","","-1.23935164268065","-0.306284579701348","-2.74745860241597","-12.809877638523","-13.1584118273093","-32.096259393905","-20.5138549086729","-14.40853186566","-10.2987565843148","-6.33655867344341","-8.92695486705109","-10.4728821493758","-3.47271227917375","-5.76773865149509","-4.15917376644493","2.10935261893798","-4.889664631378","-2.23224918510585","4.34918092627649","8.22937866606437","15.2573634253921","4.84239885438264","",
"Turkmenistan","TKM","Current account balance (% of GDP)","BN.CAB.XOKA.GD.ZS","","","","","","","","","","","","","","","","","","","","","","","","","","","","","","","","","","","","","","","","","","","","","","","","","","","","","","","","","","","","","","","","","",
"Latin America & the Caribbean (IDA & IBRD countries)","TLA","Current account balance (% of GDP)","BN.CAB.XOKA.GD.ZS","","","","","","","","","","","","","","","","","","","","","","","","","","","","","","","","","","","","","","","","","","","","","","","","","","","","","","","","","","","","","","","","","",
"Timor-Leste","TLS","Current account balance (% of GDP)","BN.CAB.XOKA.GD.ZS","","","","","","","","","","","","","","","","","","","","","","","","","","","","","","","","","","","","","","","","","","","","","","","119.207266158977","216.87805627519","311.746057299892","176.762854008732","189.51829330378","225.032885152328","235.750605362852","171.239439829776","76.4167145421127","14.1369482552281","-32.4953735667323","-21.3947164358606","-12.2846134533332","26.381513142775","21.229617232887","42.0530540476572","14.7729942622211","-0.833268209094825","",
"Middle East & North Africa (IDA & IBRD countries)","TMN","Current account balance (% of GDP)","BN.CAB.XOKA.GD.ZS","","","","","","","","","","","","","","","","","","","","","","","","","","","","","","","","","","","","","","","","","","","","","","","","","","","","","","","","","","","","","","","","","",
"Tonga","TON","Current account balance (% of GDP)","BN.CAB.XOKA.GD.ZS","","","","","","","","","","","","","","","","0.752711312250315","-6.96178389075448","-6.00686320396732","-1.72387404615559","-5.38236124266186","-6.04350739693296","-12.0012475720559","5.46282257276297","1.31274926515967","-0.400474983553625","-3.47555718094624","0.789259458166426","5.97535416089558","-10.5419375890714","-1.76859136762798","11.2507940867572","-1.43804227867216","-1.28998468802905","2.36254838903042","-9.47661542222378","","","","","","","-7.26085714386065","-3.46620228644322","-6.34024342768427","-3.26824835007683","-9.29333327805423","-8.1087961918625","-16.4953986280714","-18.2074715257727","-30.0388538737737","-23.8321094601899","-20.2517400322146","-14.8200258649119","-9.47350622217522","-6.26556406033615","-10.9245843858579","-7.47105586203439","-7.16886524537565","-7.00705930095622","-3.82718576475115","-5.727860202779","-6.24863342333041","-5.35510114772662","-5.91407096220153","",
"South Asia (IDA & IBRD)","TSA","Current account balance (% of GDP)","BN.CAB.XOKA.GD.ZS","","","","","","","","","","","","","","","","","","","","","","","","","","","","","","","","","","","","","","","","","","","","","","","","","","","","","","","","","","","","","","","","","",
"Sub-Saharan Africa (IDA & IBRD countries)","TSS","Current account balance (% of GDP)","BN.CAB.XOKA.GD.ZS","","","","","","","","","","","","","","","","","","","","","","","","","","","","","","","","","","","","","","","","","","","","","","","","","","","","","","","","","","","","","","","","","",
"Trinidad and Tobago","TTO","Current account balance (% of GDP)","BN.CAB.XOKA.GD.ZS","","","","","","","","","","","","","","","","13.9318149435852","10.4342808789854","5.82519116397621","1.52755679116383","-0.416447884412635","5.72430843244693","5.92992074369822","-7.36397604545217","-12.1923469113938","-6.01600687439194","-0.649106302916159","-8.59212050984935","-4.68909217230186","-1.9693375759329","-0.891525608229346","9.05659501369603","-0.0877714042537388","2.5534105311422","2.42206931511883","4.40267866994607","5.51343829236906","1.82556255175165","-10.6942429209994","-10.6478400676766","0.449406352663031","6.67497170338997","4.71396182784551","0.848106912773139","8.70995091964198","13.5001449215207","24.2851478911928","38.7864453052226","23.8728005055128","30.4935230853502","8.51638835816151","18.8299588165597","18.5128374343258","14.1451278264003","19.405659029692","13.9893199285126","7.61153477599894","-3.27274488779744","5.8618127618128","6.61738967605014","4.29070730788455","-6.51878691125941","10.7334492622031","17.449203574133","12.4094289457996","",
"Tunisia","TUN","Current account balance (% of GDP)","BN.CAB.XOKA.GD.ZS","","","","","","","","","","","","","","","","","-8.79461978253897","-11.087564466726","-7.68952361004754","-4.17521732459976","-4.0384373019071","-5.38202606559588","-8.13836628281725","-6.827688124296","-9.26329838184883","-6.91050677390972","-6.70353470822906","-0.560028534688338","2.07837753766463","-2.15852132286855","-3.77018867031426","-3.58997627267365","-7.12107014662537","-9.05681266464245","-3.43370923202334","-4.2925749806772","-2.43885725476728","-2.86792629545459","-3.09737186587453","-1.92535218512776","-3.82558496867724","-3.80893714007523","-3.22389381333494","-2.66077074311872","-1.41663593407068","-0.927371928635414","-1.80172304518295","-2.35618464912073","-3.81468880111158","-2.8390925265691","-4.55447131361941","-7.0355658557361","-7.86572520912914","-7.9667784790268","-8.87794509825978","-8.57094815049074","-8.52887305480808","-10.0143611259515","-10.7946228980082","-8.04912453318916","-6.01234016088557","-5.91736776692053","-8.9036859663426","-2.28832177631159","",
"Turkiye","TUR","Current account balance (% of GDP)","BN.CAB.XOKA.GD.ZS","","","","","","","","","","","","","","","-1.58410649455426","-3.57927396835247","-3.94363459669582","-5.35075262709458","-1.91921107528921","-1.57672509988841","-4.95178373417964","-2.71985824579167","-1.47896532662359","-3.11147147233528","-2.40083010942351","-1.50670598794717","-1.93596035967603","-0.9244170718357","1.75625519928497","0.875594691099352","-1.74238577195045","0.165524841501632","-0.612175223712419","-3.56565306523328","2.01377036999334","-1.38082082035865","-1.34296307239842","-1.3893102119376","0.72479001635862","-0.360770153457796","-3.61654920011585","1.8636638328349","-0.260562921273573","-2.40117810574265","-3.47253618197775","-4.14366781532507","-5.59384916499536","-5.42269991087983","-5.11727488790541","-1.74929720375613","-5.74348520655076","-8.87032723560426","-4.74654711740803","-5.15024486549659","-3.41983346678877","-2.47063042859543","-2.54886010397211","-4.09144014062876","-1.87464991997362","1.972915018037","-4.30020058846608","-0.758783250962872","-5.10220035575386","-3.56600887942747","",
"Tuvalu","TUV","Current account balance (% of GDP)","BN.CAB.XOKA.GD.ZS","","","","","","","","","","","","","","","","","","","","","","","","","","","","","","","","","","","","","","","","","","-55.9101767511624","0.148391168197838","-32.3254454978408","-30.971059488207","-18.672136810379","27.1788492719464","-15.3398649762283","-11.6349155301629","-60.2157282738319","-43.6491917216297","-60.8777544681156","16.3382480187047","2.84622026743526","-0.479895040010853","-33.5990747275474","29.6446004102969","2.07288116287233","60.9224209820659","-22.1743644674463","16.3497212467754","24.1420712684925","4.59319167015377","","",
"Tanzania","TZA","Current account balance (% of GDP)","BN.CAB.XOKA.GD.ZS","","","","","","","","","","","","","","","","","-0.417619758561308","-0.839427351163646","-5.03192000212582","-3.52104719399132","-4.56792920292057","-3.08894840525709","-3.75720290748534","-2.16804654389656","-2.78120190686396","-2.44708335007743","-2.96165193064934","-5.20646953898425","-4.81378864210928","-5.22030026793627","-9.03771314435187","-10.2458135935714","-10.6889176967354","-14.4722694555188","-9.73041257496989","-7.72805036797611","-4.37556391827358","-3.90935028953365","-5.78640777187492","-6.11682325920144","-3.20303174427398","-4.15575639482293","-0.324018475277026","-1.14522022259737","-2.89917810279357","-5.93931026684705","-5.91870284632789","-7.84401666779704","-9.22106341671595","-6.15605248067037","-6.90590514874114","-12.6408334198025","-9.49381708629511","-10.92678991973","-9.97575000776711","-5.52279532317806","-2.44651727173222","-2.77340665420784","-4.05030922232883","-2.19615506388311","-2.2076210603596","-3.36023268162551","-7.23534153367144","-3.74173192675319","",
"Uganda","UGA","Current account balance (% of GDP)","BN.CAB.XOKA.GD.ZS","","","","","","","","","","","","","","","","","","","","","-6.64221718449514","1.89945656098534","-3.20994831044514","-3.22439954114226","2.86376682812996","0.130632123539501","-1.1028387127871","-1.78658430782395","-2.99911194489214","-4.91844088909651","-6.11699754177912","-5.11089230463569","-3.48561582703683","-5.31387173151944","-4.36544383685547","-4.8905291793045","-3.49899932849718","-5.03610167506473","-5.52316129222945","-4.88783709351708","-5.79340706801523","-5.23214599458245","-2.46011695217404","-0.581756161515945","-0.0210973345748714","0.532773077990312","-3.18903604186135","-4.72875221684934","-8.47510327903427","-4.17084923224744","-6.03511814570154","-7.48878445953837","-6.06312638733373","-6.05719389968621","-6.64160843323991","-5.09288758031744","-2.72563968618806","-4.8845443027942","-6.33133624612692","-7.44751739629259","-9.56953393880005","-8.89447024348966","-8.91895156607101","-7.72302776084858","",
"Ukraine","UKR","Current account balance (% of GDP)","BN.CAB.XOKA.GD.ZS","","","","","","","","","","","","","","","","","","","","","","","","","","","","","","","","","","","-2.21314916052728","-2.38935460545648","-2.65716127037868","-2.66193266213249","-3.09436943261236","5.25005200472241","4.14516299850109","3.36813562211436","7.23448030648592","5.57773535288709","10.2811427404739","2.83956995265949","-1.44702469655834","-3.53046707122563","-6.79441468128891","-1.42819353735104","-2.13583862214825","-6.04309232577169","-7.85084742299342","-8.67092024008033","-3.44259678457888","5.53108477509173","-1.99880308749136","-3.09838910750506","-4.9140091077667","-2.67995732261758","3.36296552669264","-1.94327499620701","4.9237752939142","-5.35027933161258","",
"Upper middle income","UMC","Current account balance (% of GDP)","BN.CAB.XOKA.GD.ZS","","","","","","","","","","","","","","","","","","","","","","","","","","","","","","","","","","","","","","","","","","","","","","","","","","","","","","","","","","","","","","","","","",
"Uruguay","URY","Current account balance (% of GDP)","BN.CAB.XOKA.GD.ZS","","","","","","","","","","","","","","","","","","","-2.58642394816535","-4.97271882059982","-6.97725668083814","-4.1762075674225","-2.55589520646572","-1.22690337048756","-2.66172475187141","-2.07099809472875","0.711891106621491","-1.91014744585118","0.26955495921193","1.58159459002142","1.99907346180948","0.37863047604701","-0.0681775008401581","-1.62503515644754","-2.50821351284002","-1.10116960243742","-1.1376787138155","-1.19901179230843","-1.87308798948415","-2.11641577716128","-2.48133850696421","-2.38113794693639","2.80710265957685","-0.724417111042173","0.0228310712848396","0.243497121353953","-1.98506902354451","-0.926356077597875","-5.55595054569104","-1.16571403141018","-1.7421567938392","-2.61132861090732","-3.7550569524485","-3.28720935568054","-2.98942522248202","-0.255015059040964","0.825062136386404","0.0113261681498872","-0.460578522523158","1.29326535028897","-0.727725470261437","-2.46165158976317","-3.71115949105198","-3.33526614947019","",
"United States","USA","Current account balance (% of GDP)","BN.CAB.XOKA.GD.ZS","","","","","","","","","","","0.244106277537657","-0.0841310039919303","-0.411223428790331","0.53178950676874","0.110015059120151","1.06118805581802","0.204973598973424","-0.725324786989883","-0.66962947339236","-0.00596422303529853","0.0744407233804418","0.149982491648844","-0.347121184979076","-1.21688325768745","-2.45214189670976","-2.86830150595336","-3.21366503109093","-3.30875151769798","-2.3156580866612","-1.76379666689119","-1.32399955459737","0.0462965293516911","-0.791448803104507","-1.23616054042839","-1.66925292387951","-1.48644935848023","-1.54496736206885","-1.64061377884972","-2.37273907218914","-2.97598256993022","-3.92088461637514","-3.72407526075822","-4.17334150234402","-4.55897769378821","-5.20485224269137","-5.74598267055862","-5.91102091022869","-5.08872735734161","-4.71585990444596","-2.62283632200348","-2.87064145448882","-2.91862065322661","-2.57236847367136","-2.01090797096302","-2.10117617206317","-2.2325584903738","-2.10699725119707","-1.87442427129943","-2.12935714812701","-2.05082808332895","-2.81541652061746","-3.66529172058257","-3.8916721040072","-3.26607086420481","",
"Uzbekistan","UZB","Current account balance (% of GDP)","BN.CAB.XOKA.GD.ZS","","","","","","","","","","","","","","","","","","","","","","","","","","","","","","","","","","","","","","","","","","","","","","8.02147599172506","9.9827809533908","8.10827572787105","10.775516002095","5.22767728940486","4.57873837700296","4.62538550929309","1.79063211759422","1.79798249224148","2.56777659798885","1.03912867157671","0.24755111491788","2.12025210569774","-6.12166433969794","-5.00972224414465","-4.55709801917972","-6.33246372299443","-3.15990083649044","-7.67757089689965","",
"St. Vincent and the Grenadines","VCT","Current account balance (% of GDP)","BN.CAB.XOKA.GD.ZS","","","","","","","","","","","","","","","","","","","4.43752180221724","-5.06355039660806","-11.2945854265744","-0.783648858904226","-9.50220229475025","-2.12669630235131","-0.740603658965543","2.54048110415585","-6.3391409604657","-11.5257788007127","-8.36405313076824","-13.8131098074484","-9.79984283270931","-17.9291901633626","-8.69443556124082","-15.3241141999664","-19.5334493525106","-12.7212207871358","-9.93832540054969","-23.1719525442501","-24.7013689939233","-17.3621248601816","-6.880167471985","-5.5323730987348","-3.64768298215971","-8.40936238282578","-13.3113071409128","-14.032989246926","-16.4580193516629","-21.3718200786996","-31.3887476104188","-25.6757501478007","-26.3254736856601","-22.3322580316271","-25.3027530049806","-24.7266517767588","-25.2076799475115","-15.5812824807684","-13.0833803977971","-11.8946710104421","-10.3037962472728","-2.3874056452236","-15.8111087104748","-23.6489081999652","-20.6651510425249","-16.926516973003","",
"Venezuela, RB","VEN","Current account balance (% of GDP)","BN.CAB.XOKA.GD.ZS","","","","","","","","","","","-0.899567515617491","-0.0847027528394673","-0.722578127540568","5.14804854408693","22.0681789831958","7.90470626090196","0.808414258645192","-8.77917357070376","-14.5868330770141","0.7244737336151","7.99776554773585","6.03068637625873","-6.26838512984605","6.55305481734437","7.76879122309192","5.36911957412839","-3.70975512362386","-2.89408274592524","-9.64526963195207","4.96362734913486","17.0325429309471","3.24768591983123","-6.20525648212559","-3.31959409009165","4.34963710229607","2.6024206362281","12.6362265887647","4.34774106501336","-4.85237251907378","2.15569942336792","10.1181029223116","1.61336203199244","8.18032781959924","14.1065670038791","13.8006284860414","17.4877257502927","14.422475131385","5.84466290956638","9.9055750430549","0.13008371520602","1.42042436378266","5.1636396849605","0.678230616084593","1.24095235563662","1.01977919957402","","","","","","","","","","",
"British Virgin Islands","VGB","Current account balance (% of GDP)","BN.CAB.XOKA.GD.ZS","","","","","","","","","","","","","","","","","","","","","","","","","","","","","","","","","","","","","","","","","","","","","","","","","","","","","","","","","","","","","","","","","",
"Virgin Islands (U.S.)","VIR","Current account balance (% of GDP)","BN.CAB.XOKA.GD.ZS","","","","","","","","","","","","","","","","","","","","","","","","","","","","","","","","","","","","","","","","","","","","","","","","","","","","","","","","","","","","","","","","","",
"Viet Nam","VNM","Current account balance (% of GDP)","BN.CAB.XOKA.GD.ZS","","","","","","","","","","","","","","","","","","","","","","","","","","","","","","","","","","","","","-8.19224337661192","-5.69221074168667","-3.94713600744563","4.10338164918913","3.54799694298148","2.08657136826562","-1.72255927072095","-4.88211706972335","-2.10663701040253","-0.971989162897001","-0.246704373698266","-8.98165936412439","-10.9179529896098","-6.23310024019381","-2.90486815229253","0.136736251193688","4.82078231422777","3.62409015316054","4.00897026449707","-0.853052854546214","0.243099852637275","-0.586095207209378","1.90236367538642","3.91824395534242","4.34486906553373","-1.26284279203588","0.341681183969525","6.01163134364857","",
"Vanuatu","VUT","Current account balance (% of GDP)","BN.CAB.XOKA.GD.ZS","","","","","","","","","","","","","","","","","","","","","","","-6.39981539542291","-7.06403247120147","4.66007748031816","-7.8611212028497","-9.24843947835408","-7.4071559612957","-6.20958853140458","-7.95141876484866","-3.66052992211177","-5.09642785114564","-4.62269285924246","-5.82499528204616","-7.92276986325221","-7.3186574586249","-10.3070624919748","-7.09080001155568","2.19507065890242","-4.87888029034714","1.83612901398448","0.705178324233457","-6.49555151242909","-7.04462338564548","-6.14777943367831","-8.62045532228855","-6.85825815927699","-6.66442097163022","-23.9660923505511","1.73468872565137","-6.28849949641009","-7.91488480979288","-9.17502386187912","-0.679551096968484","0.548343688130672","-15.6844403857538","-9.02402419853687","-8.04743378288885","3.23643954970647","7.82580551277015","-6.36202228392834","-7.93891667204483","-12.4662029314868","","",
"World","WLD","Current account balance (% of GDP)","BN.CAB.XOKA.GD.ZS","","","","","","","","","","","","","","","","","","","","","","","","","","","","","","","","","","","","","","","","","","","","","","","","","","","","","","","","","","","","","","","","","",
"Samoa","WSM","Current account balance (% of GDP)","BN.CAB.XOKA.GD.ZS","","","","","","","","","","","","","","","","","","-9.90060373019418","-16.727638421777","-18.0289954090369","-10.2681580790399","-11.0784572962436","-4.98104471317443","4.29337734411394","0.599904987979776","2.01784227978729","11.0547340803951","10.0240971484575","7.68976427310622","12.1083645850887","6.85366683064083","-20.3493289883909","-39.6781988739144","-28.3061414919853","2.60663883713025","4.1497070693313","4.91291970769425","3.19720511092474","7.45507593548311","-7.35722818333087","","","","","-6.41494641654141","-9.96935129792267","-15.3383144136502","-7.97773344777515","-8.45819641302631","-1.7841761422503","-9.04869884205239","-10.9186849756524","-0.996591960794168","-5.60710703051041","-5.83183311325534","-1.54215771746014","-4.5540235736258","-1.07027554451417","2.68908513860988","3.73223650537796","-8.71582198203278","-13.5611890300086","-8.89697504523242","4.25995036799314","",
"Kosovo","XKX","Current account balance (% of GDP)","BN.CAB.XOKA.GD.ZS","","","","","","","","","","","","","","","","","","","","","","","","","","","","","","","","","","","","","","","","","","","","","","","","","-17.8445640656425","-10.4146462103522","-12.6780403682768","-13.3320955733888","-6.16059038170407","-3.58059218169538","-7.09051727977766","-8.69442568888461","-7.93442547946963","-5.26348154548199","-7.62173638381964","-5.66136623459618","-7.01174200597718","-8.6934605029825","-10.5108858226077","-7.4997493779851","",
"Yemen, Rep.","YEM","Current account balance (% of GDP)","BN.CAB.XOKA.GD.ZS","","","","","","","","","","","","","","","","","","","","","","","","","","","","","","","","","","","","","","","","","","","","","","3.73034951201846","1.07915046332431","-6.96671209606465","-4.64975922341766","-10.0572613544162","-3.41069923528219","-1.61143995618416","-0.94521109936014","-3.78691356368033","-3.44275275189167","-7.12936963148351","-7.72391066709866","","","","","","","","",
"South Africa","ZAF","Current account balance (% of GDP)","BN.CAB.XOKA.GD.ZS","0.56008961456233","2.92867981907739","4.37945791901283","1.79285437966722","-1.34660421599532","-3.95286556130262","-1.03438084959117","-2.37147155213875","-0.114453891478091","-2.49363867784224","-6.07680126925571","-6.35653285252098","-0.783376528765061","-0.77682927751757","-3.47363511040156","-5.58681904036425","-4.64745712434372","0.527704353103132","2.13031411036789","4.70353520571315","3.53576254931911","-5.34495046432068","-4.10435494528311","-0.3359773140806","-2.29971982123787","3.50818756883177","3.77065373212745","5.28788988004278","2.43671493279264","1.38631701458896","1.23093530701267","1.03482370495217","1.34745427194466","1.90438081566821","0.0192951572527624","-1.45179160612888","-1.0280828308777","-1.31813387872595","-1.43749682421619","-0.445657419944882","-0.125570459653347","0.253001084795547","0.781937464700481","-0.782449992267882","-2.50726120703613","-2.7747758989594","-4.00012427594728","-4.86189160706926","-5.18618108467679","-2.38458187361532","-1.29901805615596","-2.01967628513274","-4.68373643403848","-5.33837274756912","-4.81243259488483","-4.31028688643788","-2.63361451678798","-2.37436753188649","-3.00051939426577","-2.61999067483039","2.00352275153333","3.73044877034516","-0.461509368787066","-1.6136668878188","",
"Zambia","ZMB","Current account balance (% of GDP)","BN.CAB.XOKA.GD.ZS","","","","","","","","","","","","","","","","","","","-9.98209742154293","2.32596602014734","-13.2911803107455","-17.9784744936019","-14.4816079325786","-7.91918587965177","-5.39065928982255","-17.5497440669215","-20.8842332935106","-10.8244076701911","-7.86295470914577","-5.47228749858042","-18.075759952317","-9.05293158357454","","","","","","-4.22932371041795","-16.1232788984795","-11.3504014036785","-18.3980639927089","-18.0007855963506","-15.8142108448002","-13.5299667044381","-7.14878830806073","-2.78498414861087","4.64474506229629","-1.23802039926345","-3.33057905300122","5.95342818479562","7.52549147652086","4.65823655766585","5.37898486156035","-0.575955750525117","-1.4270939600475","-3.61227207947561","-4.55168827542136","-1.68127057617849","-1.30116677554112","0.603690808802687","11.790957110182","11.9003513535048","3.74784661580664","-2.11297552403751","",
"Zimbabwe","ZWE","Current account balance (% of GDP)","BN.CAB.XOKA.GD.ZS","","","","","","","","","","","","","","","","","","0.0254965021429796","1.23954367178981","-1.0899039537845","-2.23443710848985","-6.80839715879454","-7.39398271613508","-5.11873368699457","-0.67438949233138","-1.13688233559678","0.269511702319716","0.859166743551591","1.60118301777599","0.204102934280379","-1.5901974975876","-5.28174753309381","-8.93124566851092","-1.761586102114","-6.15945156268866","","","","","","","","","","","","","","","-7.55726490156872","-13.7471605529572","-19.4974720305215","-13.3076220412174","-13.8743823030977","-11.9711528506992","-7.99809536960013","-3.39413798529091","-0.530970477956574","-4.03918326353945","3.57917851669349","4.08017788104783","1.27829974854611","0.930064172591628","0.379995091063515","",
